ID Item Inventaire;Item;Category;Type TVA;Lettre Fiscale;Taux de TVA en %;InventoryQty;UsageQty;BuyingCost;Conditionnement;Unité inventaire;Unité usage;Code Fournisseur;Fournisseur
10077;CUP AIGRE DOUCE;NOURRITURE FRAI/SURG;TVA 3 (ii);;3.000000;120.000000;1.000000;12.950000;COLIS;PIECE;PIECE;4074;BIDVEST
10066;KETCHUP BIB HEINZ;NOURRITURE FRAI/SURG;TVA 3 (ii);;3.000000;1.000000;15000.000000;17.800000;COLIS;COLIS;GRAMME;3851;BIDVEST
10142;PATTY KING FISH MSC;NOURRITURE FRAI/SURG;TVA 3 (ii);;3.000000;130.000000;1.000000;36.770000;COLIS;PIECE;PIECE;5674;BIDVEST
10154;FF CHICKEN WINGS;NOURRITURE FRAI/SURG;TVA 3 (ii);;3.000000;16.000000;28.000000;61.770000;COLIS;SACHET;PIECE;5924;BIDVEST
11871;BUN SUPREME FRAIS16;NOURRITURE FRAI/SURG;TVA 3 (ii);;3.000000;2.000000;20.000000;6.700000;COLIS;SACHET;PIECE;1760;BIDVEST
11205;BUN BLC QMAX SURG ;NOURRITURE FRAI/SURG;TVA 3 (ii);;3.000000;2.000000;20.000000;5.460000;COLIS;SACHET;PIECE;217;BIDVEST
11923;MIX ICEBERG/BAT 16;NOURRITURE FRAI/SURG;TVA 3 (ii);;3.000000;4.000000;500.000000;5.160000;COLIS;SACHET;GRAMME;1772;BIDVEST
11924;CKN STICKS DEPANNAGE;NOURRITURE FRAI/SURG;TVA 3 (ii);;3.000000;2.000000;56.000000;22.440000;COLIS;SACHET;PIECE;1783;BIDVEST
11925;SPICY CHEESY;NOURRITURE FRAI/SURG;TVA 3 (ii);;3.000000;10.000000;100.000000;49.910000;COLIS;SACHET;PIECE;1775;BIDVEST
11825;CKN STICKS ;NOURRITURE FRAI/SURG;TVA 3 (ii);;3.000000;5.000000;28.000000;28.050000;COLIS;SACHET;PIECE;1247;BIDVEST
11826;TORTILLA 20CM SG;NOURRITURE FRAI/SURG;TVA 3 (ii);;3.000000;8.000000;18.000000;9.900000;COLIS;SACHET;PIECE;1735;BIDVEST
11827;TORTILLA 25CM SG;NOURRITURE FRAI/SURG;TVA 3 (ii);;3.000000;8.000000;18.000000;16.420000;COLIS;SACHET;PIECE;1736;BIDVEST
11831;CUP MAYO FCE HZ 16;NOURRITURE FRAI/SURG;TVA 3 (ii);;3.000000;150.000000;1.000000;14.350000;COLIS;PIECE;PIECE;1746;BIDVEST
11880;PATTY 120G HS16;NOURRITURE FRAI/SURG;TVA 3 (ii);;3.000000;50.000000;1.000000;29.300000;COLIS;PIECE;PIECE;1758;BIDVEST
11881;PATTY 150G HS16;NOURRITURE FRAI/SURG;TVA 3 (ii);;3.000000;40.000000;1.000000;29.300000;COLIS;PIECE;PIECE;1759;BIDVEST
11745;BUN SUPREME SURG16;NOURRITURE FRAI/SURG;TVA 3 (ii);;3.000000;2.000000;20.000000;7.590000;COLIS;SACHET;PIECE;1563;BIDVEST
11790;SAU.TOM ONION 300ML;NOURRITURE FRAI/SURG;TVA 3 (ii);;3.000000;12.000000;300.000000;33.300000;COLIS;PIECE;GRAMME;1120;BIDVEST
11791;YOP 180G 2016;NOURRITURE FRAI/SURG;TVA 3 (ii);;3.000000;24.000000;1.000000;6.240000;COLIS;PIECE;PIECE;1622;BIDVEST
11792;MINI YOP 100G 2016;NOURRITURE FRAI/SURG;TVA 3 (ii);;3.000000;24.000000;1.000000;5.100000;COLIS;PIECE;PIECE;1623;BIDVEST
11793;PTIT DROS 2016;NOURRITURE FRAI/SURG;TVA 3 (ii);;3.000000;24.000000;1.000000;5.910000;COLIS;PIECE;PIECE;1747;BIDVEST
11795;FRITE DELIVERY;NOURRITURE FRAI/SURG;TVA 3 (ii);;3.000000;4.000000;2500.000000;10.500000;COLIS;SACHET;GRAMME;1558;BIDVEST
11721;16BDY CUP CAKES;NOURRITURE FRAI/SURG;TVA 3 (ii);;3.000000;5.000000;12.000000;18.470000;COLIS;SACHET;PIECE;1164;BIDVEST
11731;SAU.BBQ CL HZ7400117;NOURRITURE FRAI/SURG;TVA 3 (ii);;3.000000;10.000000;480.000000;14.520000;COLIS;PIECE;GRAMME;1052;BIDVEST
11732;CHE.EMMENTAL TR 20G;NOURRITURE FRAI/SURG;TVA 3 (ii);;3.000000;6.000000;30.000000;18.970000;COLIS;SACHET;PIECE;828;BIDVEST
11735;PATTY 120G HS KEPAK;NOURRITURE FRAI/SURG;TVA 3 (ii);;3.000000;2.000000;43.000000;50.400000;COLIS;SACHET;PIECE;1115;BIDVEST
11737;PATTY CKN SUPR 129G;NOURRITURE FRAI/SURG;TVA 3 (ii);;3.000000;10.000000;10.000000;55.060000;COLIS;SACHET;PIECE;1593;BIDVEST
11741;MINI CREPES;NOURRITURE FRAI/SURG;TVA 3 (ii);;3.000000;12.000000;15.000000;16.480000;COLIS;SACHET;PIECE;1557;BIDVEST
11574;VINAIG.BALSAMICO;NOURRITURE FRAI/SURG;TVA 3 (ii);;3.000000;140.000000;1.000000;19.040000;COLIS;PIECE;PIECE;1054;BIDVEST
11623;CUP BBQ SOREAL15;NOURRITURE FRAI/SURG;TVA 3 (ii);;3.000000;416.000000;1.000000;24.850000;COLIS;PIECE;PIECE;1066;BIDVEST
11642;FISH N DIPS 21G MSC;NOURRITURE FRAI/SURG;TVA 3 (ii);;3.000000;5.000000;53.000000;26.080000;COLIS;SACHET;PIECE;1085;BIDVEST
11659;BUN LONG DIEPV;NOURRITURE FRAI/SURG;TVA 3 (ii);;3.000000;2.000000;24.000000;7.560000;COLIS;SACHET;PIECE;215;BIDVEST
11698;TEST KETCHUP HZ ;NOURRITURE FRAI/SURG;TVA 3 (ii);;3.000000;8.000000;1130.000000;10.010000;COLIS;SACHET;GRAMME;1570;BIDVEST
11699;TEST MUSTARD HZ;NOURRITURE FRAI/SURG;TVA 3 (ii);;3.000000;8.000000;1130.000000;16.690000;COLIS;SACHET;GRAMME;1571;BIDVEST
11518;TEST SAU.BBQ GRILLE ;NOURRITURE FRAI/SURG;TVA 3 (ii);;3.000000;12.000000;480.000000;0.000000;COLIS;PIECE;GRAMME;333;BIDVEST
11519;TEST SAU.CHE/ONION ;NOURRITURE FRAI/SURG;TVA 3 (ii);;3.000000;6.000000;470.000000;0.000000;COLIS;PIECE;GRAMME;334;BIDVEST
11521;TEST ONION PETALS;NOURRITURE FRAI/SURG;TVA 3 (ii);;3.000000;5.000000;1000.000000;0.000000;COLIS;SACHET;GRAMME;336;BIDVEST
11557;YAOURT FRAISE 15;NOURRITURE FRAI/SURG;TVA 3 (ii);;3.000000;12.000000;1.000000;5.170000;COLIS;PIECE;PIECE;1094;BIDVEST
11563;VINAIG.CIBOULETTE;NOURRITURE FRAI/SURG;TVA 3 (ii);;3.000000;140.000000;1.000000;18.260000;COLIS;PIECE;PIECE;1087;BIDVEST
11564;VINAIG.CITRON OLIVE;NOURRITURE FRAI/SURG;TVA 3 (ii);;3.000000;140.000000;1.000000;18.910000;COLIS;PIECE;PIECE;1088;BIDVEST
11423;CREME FOUETTE DEBIC ;NOURRITURE FRAI/SURG;TVA 3 (ii);;3.000000;1.000000;716.000000;3.620000;COLIS;BIDON;GRAMME;9039;BIDVEST
11464;CUP COCKTAIL VDM;NOURRITURE FRAI/SURG;TVA 3 (ii);;3.000000;120.000000;1.000000;9.560000;COLIS;PIECE;PIECE;323;BIDVEST
11481;CHEESY BALLS 2015;NOURRITURE FRAI/SURG;TVA 3 (ii);;3.000000;5.000000;100.000000;24.540000;COLIS;SACHET;PIECE;811;BIDVEST
11490;CHEESY TRIO  ;NOURRITURE FRAI/SURG;TVA 3 (ii);;3.000000;10.000000;100.000000;68.320000;COLIS;SACHET;PIECE;829;BIDVEST
11514;BOUCHEES DE POULET;NOURRITURE FRAI/SURG;TVA 3 (ii);;3.000000;5.000000;1000.000000;38.530000;COLIS;SACHET;GRAMME;329;BIDVEST
11517;TEST SAU.CAESAR ;NOURRITURE FRAI/SURG;TVA 3 (ii);;3.000000;12.000000;480.000000;0.000000;COLIS;PIECE;GRAMME;332;BIDVEST
11349;SAU.GIANT SHM328;NOURRITURE FRAI/SURG;TVA 3 (ii);;3.000000;12.000000;940.000000;27.220000;COLIS;PIECE;GRAMME;450;BIDVEST
11380;DONUT CHOCO 14;NOURRITURE FRAI/SURG;TVA 3 (ii);;3.000000;24.000000;1.000000;9.400000;COLIS;PIECE;PIECE;1539;BIDVEST
11381;MUFFIN CHOCO;NOURRITURE FRAI/SURG;TVA 3 (ii);;3.000000;60.000000;1.000000;23.250000;COLIS;PIECE;PIECE;1254;BIDVEST
11383;CHE.CHEDDAR 17G;NOURRITURE FRAI/SURG;TVA 3 (ii);;3.000000;8.000000;72.000000;38.500000;COLIS;SACHET;PIECE;782;BIDVEST
11387;BUN TOAST SURG;NOURRITURE FRAI/SURG;TVA 3 (ii);;3.000000;5.000000;19.000000;7.640000;COLIS;SACHET;PIECE;9934;BIDVEST
11397;LAIT DEMI ECREME ;NOURRITURE FRAI/SURG;TVA 3 (ii);;3.000000;6.000000;100.000000;4.190000;COLIS;BIDON;CENTILITRE;321;BIDVEST
10246;SAU.MOUTARDE;NOURRITURE FRAI/SURG;TVA 3 (ii);;3.000000;1.000000;5000.000000;4.160000;COLIS;PIECE;GRAMME;7496;BIDVEST
11342;SAU.BACON SATO148;NOURRITURE FRAI/SURG;TVA 3 (ii);;3.000000;12.000000;1005.000000;22.870000;COLIS;PIECE;GRAMME;452;BIDVEST
11343;SAU.CHICKEN SCC101;NOURRITURE FRAI/SURG;TVA 3 (ii);;3.000000;12.000000;990.000000;24.570000;COLIS;PIECE;GRAMME;451;BIDVEST
11344;SAU.TARTARE STA185;NOURRITURE FRAI/SURG;TVA 3 (ii);;3.000000;12.000000;920.000000;27.880000;COLIS;PIECE;GRAMME;453;BIDVEST
11345;SAU.PEPPER SAPC083;NOURRITURE FRAI/SURG;TVA 3 (ii);;3.000000;6.000000;1010.000000;14.790000;COLIS;PIECE;GRAMME;318;BIDVEST
11346;SAU.SUPR CHE SCC102;NOURRITURE FRAI/SURG;TVA 3 (ii);;3.000000;12.000000;980.000000;26.380000;COLIS;PIECE;GRAMME;319;BIDVEST
10324;CUP SAUC FRITES;NOURRITURE FRAI/SURG;TVA 3 (ii);;3.000000;144.000000;1.000000;17.090000;COLIS;PIECE;PIECE;8566;BIDVEST
10323;CUP ANDALOUSE HZ;NOURRITURE FRAI/SURG;TVA 3 (ii);;3.000000;400.000000;1.000000;34.050000;COLIS;PIECE;PIECE;8553;BIDVEST
10322;CUP HOT SALSA HZ;NOURRITURE FRAI/SURG;TVA 3 (ii);;3.000000;100.000000;1.000000;7.930000;COLIS;PIECE;PIECE;8552;BIDVEST
10321;CUP CURRY HEINZ  ;NOURRITURE FRAI/SURG;TVA 3 (ii);;3.000000;100.000000;1.000000;8.080000;COLIS;PIECE;PIECE;8550;BIDVEST
10277;CHURROS;NOURRITURE FRAI/SURG;TVA 3 (ii);;3.000000;8.000000;28.000000;5.640000;COLIS;SACHET;PIECE;7944;BIDVEST
10252;DELICE CHOCOLAT ;NOURRITURE FRAI/SURG;TVA 3 (ii);;3.000000;4.000000;20.000000;39.440000;COLIS;BARQUETTE;PIECE;7575;BIDVEST
10643;BIRTHDAY CAKE;NOURRITURE FRAI/SURG;TVA 3 (ii);;3.000000;4.000000;8.000000;17.120000;COLIS;SACHET;PIECE;9310;BIDVEST
10627;TRIO MINI CHOCO ;NOURRITURE FRAI/SURG;TVA 3 (ii);;3.000000;4.000000;12.000000;25.270000;COLIS;BARQUETTE;PIECE;9572;BIDVEST
10539;FRITES  ;NOURRITURE FRAI/SURG;TVA 3 (ii);;3.000000;5.000000;2500.000000;9.880000;COLIS;SACHET;GRAMME;3720;BIDVEST
10385;BUN BLC QMAX FRAIS;NOURRITURE FRAI/SURG;TVA 3 (ii);;3.000000;2.000000;20.000000;5.640000;COLIS;SACHET;PIECE;9239;BIDVEST
10384;BUN GRIS QMAX FRAIS;NOURRITURE FRAI/SURG;TVA 3 (ii);;3.000000;2.000000;20.000000;6.090000;COLIS;SACHET;PIECE;8194;BIDVEST
10344;PATTY 45GR;NOURRITURE FRAI/SURG;TVA 3 (ii);;3.000000;300.000000;1.000000;65.390000;COLIS;PIECE;PIECE;8305;BIDVEST
11106;DONUT FRAISE;NOURRITURE FRAI/SURG;TVA 3 (ii);;3.000000;24.000000;1.000000;9.360000;COLIS;PIECE;PIECE;1548;BIDVEST
11011;BACON CUIT FUME 13;NOURRITURE FRAI/SURG;TVA 3 (ii);;3.000000;12.000000;130.000000;78.460000;COLIS;SACHET;PIECE;1235;BIDVEST
10981;CHEESY VACHE QUI RIT;NOURRITURE FRAI/SURG;TVA 3 (ii);;3.000000;5.000000;105.000000;28.640000;COLIS;SACHET;PIECE;968;BIDVEST
10928;CHICKEN FILET CRISPY;NOURRITURE FRAI/SURG;TVA 3 (ii);;3.000000;11.000000;16.000000;55.890000;COLIS;SACHET;PIECE;9982;BIDVEST
10905;BUN BLANC FRAIS;NOURRITURE FRAI/SURG;TVA 3 (ii);;3.000000;2.000000;30.000000;5.410000;COLIS;SACHET;PIECE;9477;BIDVEST
10783;SAU.BBQ 17064901;NOURRITURE FRAI/SURG;TVA 3 (ii);;3.000000;12.000000;490.000000;19.570000;COLIS;PIECE;GRAMME;6335;BIDVEST
11229;MIX SHAKE 2014;NOURRITURE FRAI/SURG;TVA 3 (ii);;3.000000;3.000000;500.000000;14.840000;COLIS;BIDON;CENTILITRE;261;BIDVEST
11295;P'TIT DROS 2014;NOURRITURE FRAI/SURG;TVA 3 (ii);;3.000000;48.000000;1.000000;12.560000;COLIS;PIECE;PIECE;430;BIDVEST
11314;FF CHICKEN DIPS 2014;NOURRITURE FRAI/SURG;TVA 3 (ii);;3.000000;14.000000;52.000000;50.590000;COLIS;SACHET;PIECE;445;BIDVEST
11168;BUN BLANC SURG ;NOURRITURE FRAI/SURG;TVA 3 (ii);;3.000000;2.000000;30.000000;6.430000;COLIS;SACHET;PIECE;214;BIDVEST
11167;BUN GRIS QMAX SURG;NOURRITURE FRAI/SURG;TVA 3 (ii);;3.000000;2.000000;20.000000;6.490000;COLIS;SACHET;PIECE;1177;BIDVEST
11166;CUP KETCHUP HZ  ;NOURRITURE FRAI/SURG;TVA 3 (ii);;3.000000;400.000000;1.000000;19.370000;COLIS;PIECE;PIECE;1176;BIDVEST
11102;FUNNY FRUIT;NOURRITURE U-F;TVA 3 (ii);;3.000000;15.000000;1.000000;5.050000;COLIS;PIECE;PIECE;1636;BIDVEST
10284;SCAROLE;NOURRITURE U-F;TVA 3 (ii);;3.000000;10.000000;540.000000;11.660000;COLIS;SACHET;GRAMME;7989;BIDVEST
10260;OIGNONS DES;NOURRITURE U-F;TVA 3 (ii);;3.000000;8.000000;250.000000;3.110000;COLIS;SACHET;GRAMME;7667;BIDVEST
11869;ITALIAN SALAD;NOURRITURE U-F;TVA 3 (ii);;3.000000;4.000000;1.000000;8.660000;COLIS;PIECE;PIECE;1762;BIDVEST
11868;TOMATE SLICES 16;NOURRITURE U-F;TVA 3 (ii);;3.000000;3.000000;48.000000;5.350000;COLIS;BARQUETTE;PIECE;1748;BIDVEST
11543;TOMATES RONDELLE DEP;NOURRITURE U-F;TVA 3 (ii);;3.000000;4.000000;36.000000;5.350000;COLIS;BARQUETTE;PIECE;337;BIDVEST
11561;CHEESE PECAN SALAD;NOURRITURE U-F;TVA 3 (ii);;3.000000;4.000000;1.000000;8.020000;COLIS;PIECE;PIECE;1112;BIDVEST
11562;SIDE SALAD PP15;NOURRITURE U-F;TVA 3 (ii);;3.000000;8.000000;1.000000;7.110000;COLIS;PIECE;PIECE;1121;BIDVEST
11580;PASTA BACON SALAD;NOURRITURE U-F;TVA 3 (ii);;3.000000;4.000000;1.000000;8.850000;COLIS;PIECE;PIECE;1114;BIDVEST
11733;MIX SCAROLE/ROQUETTE;NOURRITURE U-F;TVA 3 (ii);;3.000000;6.000000;200.000000;7.250000;COLIS;SACHET;GRAMME;1574;BIDVEST
11734;OIGNONS ROUGES ;NOURRITURE U-F;TVA 3 (ii);;3.000000;4.000000;250.000000;2.670000;COLIS;SACHET;GRAMME;7037;BIDVEST
11945;SIDE SALAD PP16;NOURRITURE U-F;TVA 3 (ii);;3.000000;5.000000;1.000000;4.650000;COLIS;PIECE;PIECE;1791;BIDVEST
10111;COKE LG 10L CY;ACHATS DIRECTS;TVA 3 (ii);;3.000000;10.000000;100.000000;23.720000;COLIS;LITRE;CENTILITRE;4835;SOUTIRAGE LUXEMBOURGEOIS
10112;FANTA 10L CY;ACHATS DIRECTS;TVA 3 (ii);;3.000000;10.000000;100.000000;18.730000;COLIS;LITRE;CENTILITRE;4836;SOUTIRAGE LUXEMBOURGEOIS
10113;SPRITE 10L CY;ACHATS DIRECTS;TVA 3 (ii);;3.000000;10.000000;100.000000;23.720000;COLIS;LITRE;CENTILITRE;4837;SOUTIRAGE LUXEMBOURGEOIS
10791;NESTEA LEMON SPARK;ACHATS DIRECTS;TVA 3 (ii);;3.000000;5.000000;100.000000;13.770000;COLIS;LITRE;CENTILITRE;9515;SOUTIRAGE LUXEMBOURGEOIS
10253;VIVA 33CL;ACHATS DIRECTS;TVA 3 (ii);;3.000000;24.000000;1.000000;6.120000;COLIS;PIECE;PIECE;7587;SOUTIRAGE LUXEMBOURGEOIS
10225;COKE 10L CY;ACHATS DIRECTS;TVA 3 (ii);;3.000000;10.000000;100.000000;23.720000;COLIS;LITRE;CENTILITRE;7147;SOUTIRAGE LUXEMBOURGEOIS
10222;CO2;ACHATS DIRECTS;TVA 3 (ii);;3.000000;1.000000;1000.000000;1.090000;KILO;KILO;GRAMME;7123;AIR LIQUIDE RODANGE
10219;ROSPORT 50CL;ACHATS DIRECTS;TVA 3 (ii);;3.000000;24.000000;1.000000;10.770000;COLIS;PIECE;PIECE;7120;SOUTIRAGE LUXEMBOURGEOIS
10218;VIVA 50CL;ACHATS DIRECTS;TVA 3 (ii);;3.000000;24.000000;1.000000;8.730000;COLIS;PIECE;PIECE;7119;SOUTIRAGE LUXEMBOURGEOIS
10199;COKE ZERO 5L CY;ACHATS DIRECTS;TVA 3 (ii);;3.000000;5.000000;100.000000;18.140000;COLIS;LITRE;CENTILITRE;6238;SOUTIRAGE LUXEMBOURGEOIS
11559;COKE ZERO CPL Q789;ACHATS DIRECTS;TVA 3 (ii);;3.000000;5.000000;100.000000;21.320000;COLIS;LITRE;CENTILITRE;1100;COCA COLA ENTREPRISES BELGIUM-
10224;BIERE DIEKIRCH 50CL;ALCOOLS;TVA 17% (ii);;17.000000;3.000000;8.000000;20.960000;COLIS;BARQUETTE;PIECE;7133;BRASSERIE DE LUX DIEKIRCH
10223;BIERE DIEKIRCH 33CL;ALCOOLS;TVA 17% (ii);;17.000000;3.000000;8.000000;15.360000;COLIS;BARQUETTE;PIECE;7132;BRASSERIE DE LUX DIEKIRCH
10221;BIERE BOFF 50CL;ALCOOLS;TVA 17% (ii);;17.000000;4.000000;6.000000;17.160000;COLIS;BARQUETTE;PIECE;7122;MUNHOWEN
10220;BIERE BOFF 33CL;ALCOOLS;TVA 17% (ii);;17.000000;4.000000;6.000000;14.280000;COLIS;BARQUETTE;PIECE;7121;MUNHOWEN
10158;GOB EXPRESSO;EMBALLAGES;TVA 17% (ii);;17.000000;15.000000;100.000000;27.850000;COLIS;SACHET;PIECE;5931;BIDVEST
11270;COUV.MIX MANIA 2014;EMBALLAGES;TVA 17% (ii);;17.000000;10.000000;100.000000;25.740000;COLIS;SACHET;PIECE;203;BIDVEST
11271;COUV.SOFTY 2014;EMBALLAGES;TVA 17% (ii);;17.000000;10.000000;50.000000;14.040000;COLIS;SACHET;PIECE;205;BIDVEST
11272;CUP SOFTY 2014;EMBALLAGES;TVA 17% (ii);;17.000000;10.000000;45.000000;11.130000;COLIS;SACHET;PIECE;204;BIDVEST
11277;GOB.35CL FR;EMBALLAGES;TVA 17% (ii);;17.000000;20.000000;66.000000;37.000000;COLIS;SACHET;PIECE;9370;BIDVEST
11084;PCK SUPR LIM ED ORAN;EMBALLAGES;TVA 17% (ii);;17.000000;6.000000;125.000000;38.510000;COLIS;SACHET;PIECE;1630;BIDVEST
11882;PCK SUPR CKN BBQ 16;EMBALLAGES;TVA 17% (ii);;17.000000;6.000000;125.000000;42.960000;COLIS;SACHET;PIECE;1372;BIDVEST
11926;PCK WRAP 16;EMBALLAGES;TVA 17% (ii);;17.000000;4.000000;95.000000;46.610000;COLIS;SACHET;PIECE;1470;BIDVEST
11874;PCK QN TOAST 16;EMBALLAGES;TVA 17% (ii);;17.000000;6.000000;140.000000;81.510000;COLIS;SACHET;PIECE;1469;BIDVEST
11875;PCK CHICKEN FILET16;EMBALLAGES;TVA 17% (ii);;17.000000;6.000000;150.000000;43.560000;COLIS;SACHET;PIECE;1431;BIDVEST
11876;PCK SUPR CHEESE 16;EMBALLAGES;TVA 17% (ii);;17.000000;6.000000;125.000000;42.960000;COLIS;SACHET;PIECE;1371;BIDVEST
11877;PCK BIG PEPPER 16;EMBALLAGES;TVA 17% (ii);;17.000000;6.000000;125.000000;42.960000;COLIS;SACHET;PIECE;1380;BIDVEST
11878;PCK BIG GIANT 16;EMBALLAGES;TVA 17% (ii);;17.000000;6.000000;125.000000;42.960000;COLIS;SACHET;PIECE;1417;BIDVEST
11879;PCK BIG BACON 16;EMBALLAGES;TVA 17% (ii);;17.000000;6.000000;125.000000;42.960000;COLIS;SACHET;PIECE;1421;BIDVEST
11676;GOB.HOT DRINK 12OZ;EMBALLAGES;TVA 17% (ii);;17.000000;20.000000;50.000000;36.580000;COLIS;SACHET;PIECE;1495;BIDVEST
11722;SEMELLE PATISSERIE;EMBALLAGES;TVA 17% (ii);;17.000000;2.000000;300.000000;16.430000;COLIS;SACHET;PIECE;1428;BIDVEST
11746;TEST PCK BRETZEL BAC;EMBALLAGES;TVA 17% (ii);;17.000000;6.000000;125.000000;46.410000;COLIS;SACHET;PIECE;1617;BIDVEST
11748;WRAP ACCES PRICE;EMBALLAGES;TVA 17% (ii);;17.000000;1000.000000;1.000000;9.480000;COLIS;PIECE;PIECE;353;BIDVEST
11872;PCK MEGA GIANT16;EMBALLAGES;TVA 17% (ii);;17.000000;6.000000;125.000000;77.860000;COLIS;SACHET;PIECE;1377;BIDVEST
11873;PCK MEGA BBQ BC 16;EMBALLAGES;TVA 17% (ii);;17.000000;6.000000;125.000000;77.860000;COLIS;SACHET;PIECE;1379;BIDVEST
11649;PCK SUPR CHICKEN 15 ;EMBALLAGES;TVA 17% (ii);;17.000000;6.000000;125.000000;38.510000;COLIS;SACHET;PIECE;363;BIDVEST
11653;PCK FF x7P MSC 15;EMBALLAGES;TVA 17% (ii);;17.000000;1000.000000;1.000000;22.140000;COLIS;PIECE;PIECE;1073;BIDVEST
11654;PCK FF x3P MSC 15;EMBALLAGES;TVA 17% (ii);;17.000000;1000.000000;1.000000;9.140000;COLIS;PIECE;PIECE;1072;BIDVEST
11655;CUP MIX MANIA 15;EMBALLAGES;TVA 17% (ii);;17.000000;20.000000;37.000000;26.430000;COLIS;SACHET;PIECE;1017;BIDVEST
11674;GOB.ESPR 4OZ 15;EMBALLAGES;TVA 17% (ii);;17.000000;15.000000;100.000000;30.060000;COLIS;SACHET;PIECE;1493;BIDVEST
11675;GOB.COFFEE 6OZ 15;EMBALLAGES;TVA 17% (ii);;17.000000;20.000000;75.000000;32.540000;COLIS;SACHET;PIECE;1494;BIDVEST
11626;PCK FF QBOX 15;EMBALLAGES;TVA 17% (ii);;17.000000;200.000000;1.000000;12.480000;COLIS;PIECE;PIECE;934;BIDVEST
11627;PCK GIANT BE 15;EMBALLAGES;TVA 17% (ii);;17.000000;6.000000;150.000000;38.220000;COLIS;SACHET;PIECE;357;BIDVEST
11629;PCK CHICKEN FILET 15;EMBALLAGES;TVA 17% (ii);;17.000000;6.000000;150.000000;38.220000;COLIS;SACHET;PIECE;360;BIDVEST
11630;PCK FF PARTY BOX 15;EMBALLAGES;TVA 17% (ii);;17.000000;4.000000;100.000000;69.090000;COLIS;SACHET;PIECE;1074;BIDVEST
11632;WRAP HAM 2015;EMBALLAGES;TVA 17% (ii);;17.000000;1000.000000;1.000000;9.440000;COLIS;PIECE;PIECE;367;BIDVEST
11633;WRAP CHEESE 2015;EMBALLAGES;TVA 17% (ii);;17.000000;1000.000000;1.000000;9.390000;COLIS;PIECE;PIECE;368;BIDVEST
11577;PCK GIANT LUX 15;EMBALLAGES;TVA 17% (ii);;17.000000;6.000000;150.000000;38.220000;COLIS;SACHET;PIECE;1043;BIDVEST
11619;PCK CHURROS 15;EMBALLAGES;TVA 17% (ii);;17.000000;500.000000;1.000000;26.970000;COLIS;PIECE;PIECE;1306;BIDVEST
11620;PCK DIPS4 15;EMBALLAGES;TVA 17% (ii);;17.000000;1000.000000;1.000000;6.070000;COLIS;PIECE;PIECE;1310;BIDVEST
11621;PCK DIPS 7/10 15;EMBALLAGES;TVA 17% (ii);;17.000000;2000.000000;1.000000;38.530000;COLIS;PIECE;PIECE;1308;BIDVEST
11622;PCK WINGS/5 15 ;EMBALLAGES;TVA 17% (ii);;17.000000;1000.000000;1.000000;19.270000;COLIS;PIECE;PIECE;1307;BIDVEST
11624;PCK FISH MSC 15;EMBALLAGES;TVA 17% (ii);;17.000000;6.000000;150.000000;38.220000;COLIS;SACHET;PIECE;358;BIDVEST
11407;COUV.COFFEE 6OZ LZ;EMBALLAGES;TVA 17% (ii);;17.000000;10.000000;100.000000;18.080000;COLIS;SACHET;PIECE;754;BIDVEST
11408;COUV.HOT DRINK 12OZZ;EMBALLAGES;TVA 17% (ii);;17.000000;10.000000;100.000000;19.390000;COLIS;SACHET;PIECE;755;BIDVEST
11460;PCK XTRA LG RED;EMBALLAGES;TVA 17% (ii);;17.000000;4.000000;90.000000;27.030000;COLIS;SACHET;PIECE;831;BIDVEST
11512;PCK FRITE MED 15;EMBALLAGES;TVA 17% (ii);;17.000000;1250.000000;1.000000;26.300000;COLIS;PIECE;PIECE;345;BIDVEST
11513;PCK FRITE MAXI 15;EMBALLAGES;TVA 17% (ii);;17.000000;1000.000000;1.000000;26.600000;COLIS;PIECE;PIECE;346;BIDVEST
11546;PCK FRITE SMALL 15;EMBALLAGES;TVA 17% (ii);;17.000000;1000.000000;1.000000;19.250000;COLIS;PIECE;PIECE;349;BIDVEST
10551;PCK CARRE MAUVE_11;EMBALLAGES;TVA 17% (ii);;17.000000;6.000000;150.000000;38.220000;COLIS;SACHET;PIECE;9317;BIDVEST
10543;GOB.35cl_11;EMBALLAGES;TVA 17% (ii);;17.000000;20.000000;66.000000;41.100000;COLIS;SACHET;PIECE;9388;BIDVEST
10308;PCK QNT VERT;EMBALLAGES;TVA 17% (ii);;17.000000;6.000000;150.000000;42.602000;COLIS;SACHET;PIECE;8191;BIDVEST
10299;GOB BIERE 8GR;EMBALLAGES;TVA 17% (ii);;17.000000;16.000000;72.000000;39.370000;COLIS;SACHET;PIECE;8145;BIDVEST
11384;COUV.40/50CL 2014;EMBALLAGES;TVA 17% (ii);;17.000000;12.000000;150.000000;17.900000;COLIS;SACHET;PIECE;584;BIDVEST
11406;COUV.ESPRESSO 4OZ LZ;EMBALLAGES;TVA 17% (ii);;17.000000;30.000000;100.000000;49.930000;COLIS;SACHET;PIECE;752;BIDVEST
10597;GOB.50cl _11;EMBALLAGES;TVA 17% (ii);;17.000000;20.000000;50.000000;35.950000;COLIS;SACHET;PIECE;9389;BIDVEST
10566;PCK SUPR MAUVE_11;EMBALLAGES;TVA 17% (ii);;17.000000;6.000000;125.000000;38.510000;COLIS;SACHET;PIECE;9313;BIDVEST
10565;PCK SUPR BRUN_11;EMBALLAGES;TVA 17% (ii);;17.000000;6.000000;125.000000;38.510000;COLIS;SACHET;PIECE;9312;BIDVEST
10564;PCK PATISSERIES_11;EMBALLAGES;TVA 17% (ii);;17.000000;1000.000000;1.000000;11.700000;COLIS;PIECE;PIECE;9336;BIDVEST
10555;PCK FF CHEESY;EMBALLAGES;TVA 17% (ii);;17.000000;1000.000000;1.000000;8.230000;COLIS;PIECE;PIECE;9331;BIDVEST
10552;PCK CARRE RED_11;EMBALLAGES;TVA 17% (ii);;17.000000;6.000000;150.000000;38.220000;COLIS;SACHET;PIECE;9318;BIDVEST
11034;PCK SUPR LIM ED PINK;EMBALLAGES;TVA 17% (ii);;17.000000;6.000000;125.000000;38.510000;COLIS;SACHET;PIECE;1263;BIDVEST
10889;PCK SUPR RED;EMBALLAGES;TVA 17% (ii);;17.000000;6.000000;125.000000;38.510000;COLIS;SACHET;PIECE;9314;BIDVEST
10872;PCK XTRA LG VERT;EMBALLAGES;TVA 17% (ii);;17.000000;4.000000;90.000000;24.330000;COLIS;SACHET;PIECE;8763;BIDVEST
10871;PCK XTRA LG MAUVE;EMBALLAGES;TVA 17% (ii);;17.000000;4.000000;90.000000;24.330000;COLIS;SACHET;PIECE;8685;BIDVEST
10849;PCK SALADE GD NEUT;EMBALLAGES;TVA 17% (ii);;17.000000;4.000000;50.000000;48.800000;COLIS;PILE;PIECE;9529;BIDVEST
10689;PCK SUPER RIBS ;EMBALLAGES;TVA 17% (ii);;17.000000;6.000000;110.000000;93.510000;COLIS;SACHET;PIECE;9670;BIDVEST
10934;KIT FB ICE AGE FR;PRIMES;TVA 17% (ii);;17.000000;1.000000;1.000000;0.000000;COLIS;PIECE;PIECE;5560;BIDVEST
10886;KIT MB DEP FR;PRIMES;TVA 17% (ii);;17.000000;1.000000;1.000000;0.000000;COLIS;COLIS;COLIS;5138;BIDVEST
10884;KIT FBOX DEP FR;PRIMES;TVA 17% (ii);;17.000000;1.000000;1.000000;0.000000;COLIS;PIECE;PIECE;3883;BIDVEST
10684;KIT FBOX SMILEY;PRIMES;TVA 17% (ii);;17.000000;1.000000;1.000000;0.000000;COLIS;COLIS;COLIS;5714;BIDVEST
10683;KIT MBOX PANINI FR;PRIMES;TVA 17% (ii);;17.000000;1.000000;1.000000;0.000000;COLIS;COLIS;COLIS;5301;BIDVEST
10547;KIT MB ICE AGE FR;PRIMES;TVA 17% (ii);;17.000000;1.000000;1.000000;0.000000;COLIS;PIECE;PIECE;5722;BIDVEST
10487;KIT FB ICE AGE NL;PRIMES;TVA 17% (ii);;17.000000;1.000000;1.000000;0.000000;COLIS;COLIS;COLIS;5526;BIDVEST
10485;KIT MB ICE AGE NL;PRIMES;TVA 17% (ii);;17.000000;1.000000;1.000000;0.000000;COLIS;PIECE;PIECE;5555;BIDVEST
10438;GENER.PRIME FUNBOX;PRIMES;TVA 17% (ii);;17.000000;1.000000;1.000000;0.640000;PIECE;PIECE;PIECE;4839;BIDVEST
10437;GENER. PRIME BOX;PRIMES;TVA 17% (ii);;17.000000;1.000000;1.000000;0.640000;PIECE;PIECE;PIECE;4846;BIDVEST
11681;KIT MBOX PANINI NL;PRIMES;TVA 17% (ii);;17.000000;1.000000;1.000000;0.000000;COLIS;COLIS;COLIS;5307;BIDVEST
10086;CAISSETTE GDE;AUTRE PAPERCOST DIRE;TVA 17% (ii);;17.000000;1100.000000;1.000000;12.790000;COLIS;PIECE;PIECE;4567;BIDVEST
11240;PAILLE EMB RAYEE;AUTRE PAPERCOST DIRE;TVA 17% (ii);;17.000000;18.000000;450.000000;26.030000;COLIS;SACHET;PIECE;197;BIDVEST
11083;GENER MBOX  400PC;AUTRE PAPERCOST DIRE;TVA 17% (ii);;17.000000;400.000000;1.000000;28.860000;COLIS;PIECE;PIECE;4421;BIDVEST
10855;PCK MTOP DESTOCK_12;AUTRE PAPERCOST DIRE;TVA 17% (ii);;17.000000;300.000000;1.000000;23.220000;COLIS;PIECE;PIECE;9904;BIDVEST
10850;MBOX DESTOCK_12;AUTRE PAPERCOST DIRE;TVA 17% (ii);;17.000000;300.000000;1.000000;21.650000;COLIS;PIECE;PIECE;9655;BIDVEST
10336;COUVERT KIT TRANSP;AUTRE PAPERCOST DIRE;TVA 17% (ii);;17.000000;500.000000;1.000000;24.780000;COLIS;PIECE;PIECE;9137;BIDVEST
11404;TOUILLETTE BOIS LZ ;AUTRE PAPERCOST DIRE;TVA 17% (ii);;17.000000;1000.000000;1.000000;2.340000;COLIS;PIECE;PIECE;725;BIDVEST
11422;SLEEVE TEA LZ;AUTRE PAPERCOST DIRE;TVA 17% (ii);;17.000000;1000.000000;1.000000;42.800000;COLIS;PIECE;PIECE;815;BIDVEST
11702;COL QMX 3 ENC LV;AUTRE PAPERCOST DIRE;TVA 17% (ii);;17.000000;500.000000;1.000000;9.550000;COLIS;PIECE;PIECE;1363;BIDVEST
11828;FUN BOX 2016;AUTRE PAPERCOST DIRE;TVA 17% (ii);;17.000000;500.000000;1.000000;34.110000;COLIS;PIECE;PIECE;1549;BIDVEST
10330;CUILLERE EMBAL.;AUTRE PAPERCOST DIRE;TVA 17% (ii);;17.000000;1000.000000;1.000000;29.240000;COLIS;PIECE;PIECE;8948;BIDVEST
10255;SEL PORTIONS;AUTRE PAPERCOST DIRE;TVA 17% (ii);;17.000000;2000.000000;1.000000;2.360000;COLIS;PIECE;PIECE;7610;BIDVEST
10241;CANDEREL EDULC;AUTRE PAPERCOST DIRE;TVA 17% (ii);;17.000000;500.000000;1.000000;8.850000;COLIS;PIECE;PIECE;7423;BIDVEST
10026;COL GIANT BLANC;AUTRE PAPERCOST DIRE;TVA 17% (ii);;17.000000;4000.000000;1.000000;30.610000;COLIS;PIECE;PIECE;1667;BIDVEST
10011;RINCE DOIGTS;AUTRE PAPERCOST DIRE;TVA 17% (ii);;17.000000;1000.000000;1.000000;16.530000;COLIS;PIECE;PIECE;347;BIDVEST
10006;MELANGEUR;AUTRE PAPERCOST DIRE;TVA 17% (ii);;17.000000;5000.000000;1.000000;15.400000;COLIS;PIECE;PIECE;260;BIDVEST
10093;GENER. PLAC. NAT FR;PAPERCOST INDIRECT;TVA 17% (ii);;17.000000;1000.000000;1.000000;8.570000;COLIS;PIECE;PIECE;4677;BIDVEST
10087;NAPPERON DENTELLE;PAPERCOST INDIRECT;TVA 17% (ii);;17.000000;250.000000;1.000000;5.100000;COLIS;PIECE;PIECE;4568;BIDVEST
10059;SERVIETTES;PAPERCOST INDIRECT;TVA 17% (ii);;17.000000;36.000000;125.000000;23.090000;COLIS;PILE;PIECE;2913;BIDVEST
11112;TO PRATIQ BOX_13;PAPERCOST INDIRECT;TVA 17% (ii);;17.000000;6.000000;20.000000;27.260000;COLIS;PILE;PIECE;9944;BIDVEST
10893;FEUILLE TOASTER ;PAPERCOST INDIRECT;TVA 17% (ii);;17.000000;1000.000000;1.000000;7.500000;COLIS;PIECE;PIECE;9699;BIDVEST
10595;TO SAC 16_11;PAPERCOST INDIRECT;TVA 17% (ii);;17.000000;20.000000;25.000000;16.710000;COLIS;PILE;PIECE;9358;BIDVEST
10593;TO SAC 6_11;PAPERCOST INDIRECT;TVA 17% (ii);;17.000000;40.000000;25.000000;15.240000;COLIS;PILE;PIECE;9356;BIDVEST
10592;TO SAC 4_11;PAPERCOST INDIRECT;TVA 17% (ii);;17.000000;40.000000;25.000000;12.880000;COLIS;PILE;PIECE;9354;BIDVEST
10590;TO CABAS_11 ;PAPERCOST INDIRECT;TVA 17% (ii);;17.000000;10.000000;25.000000;19.330000;COLIS;PILE;PIECE;9180;BIDVEST
10024;TO THRU BOX MICRO ;PAPERCOST INDIRECT;TVA 17% (ii);;17.000000;400.000000;1.000000;15.940000;COLIS;PIECE;PIECE;1625;BIDVEST
10070;PINCE CRAV. HOMME;TENUES;TVA 17% (ii);;17.000000;1.000000;1.000000;1.070000;PIECE;PIECE;PIECE;3906;BIDVEST
11545;BADGE ENCADREMENT NQ;TENUES;TVA 17% (ii);;17.000000;10.000000;1.000000;17.120000;COLIS;PIECE;PIECE;1012;BIDVEST
11576;BADGE CREW NQ ;TENUES;TVA 17% (ii);;17.000000;10.000000;1.000000;2.290000;COLIS;PIECE;PIECE;1079;BIDVEST
10080;MARIASET BLEU;PROD & MAT ENTRETIEN;TVA 17% (ii);;17.000000;1.000000;1.000000;6.830000;PIECE;PIECE;PIECE;4213;BIDVEST
10079;MARIASET VERT;PROD & MAT ENTRETIEN;TVA 17% (ii);;17.000000;1.000000;1.000000;6.830000;PIECE;PIECE;PIECE;4212;BIDVEST
10058;SEAU RED 6L;PROD & MAT ENTRETIEN;TVA 17% (ii);;17.000000;1.000000;1.000000;3.870000;PIECE;PIECE;PIECE;2332;BIDVEST
10057;BROSSE RED RONDE;PROD & MAT ENTRETIEN;TVA 17% (ii);;17.000000;1.000000;1.000000;6.070000;PIECE;PIECE;PIECE;2331;BIDVEST
10056;SUPPORT BLC. 3POS;PROD & MAT ENTRETIEN;TVA 17% (ii);;17.000000;1.000000;1.000000;9.310000;PIECE;PIECE;PIECE;2328;BIDVEST
10055;PANNEAU SOL GLISSANT;PROD & MAT ENTRETIEN;TVA 17% (ii);;17.000000;1.000000;1.000000;11.830000;PIECE;PIECE;PIECE;2327;BIDVEST
11761;TRACEL RED 16;PROD & MAT ENTRETIEN;TVA 17% (ii);;17.000000;10.000000;50.000000;20.310000;COLIS;SACHET;PIECE;1700;BIDVEST
11762;TRACEL GREEN 16;PROD & MAT ENTRETIEN;TVA 17% (ii);;17.000000;10.000000;50.000000;20.310000;COLIS;SACHET;PIECE;1699;BIDVEST
11955;KAY BTRA 16;PROD & MAT ENTRETIEN;TVA 17% (ii);;17.000000;4.000000;50.000000;25.850000;COLIS;PIECE;CENTILITRE;7827;BIDVEST
11704;KAY BRILL SURFACE;PROD & MAT ENTRETIEN;TVA 17% (ii);;17.000000;6.000000;100.000000;17.450000;COLIS;PIECE;CENTILITRE;1525;BIDVEST
11705;KAY DETERG WM SOLID;PROD & MAT ENTRETIEN;TVA 17% (ii);;17.000000;4.000000;4.500000;57.180000;COLIS;PIECE;KILO;1532;BIDVEST
11706;KAY AIR FRESHENER ;PROD & MAT ENTRETIEN;TVA 17% (ii);;17.000000;1.000000;1.000000;31.730000;COLIS;PIECE;PIECE;1534;BIDVEST
11707;KAY RECH.FRESHENER;PROD & MAT ENTRETIEN;TVA 17% (ii);;17.000000;4.000000;1.000000;40.840000;PIECE;PIECE;PIECE;1535;BIDVEST
11750;PINCE MOP 2016;PROD & MAT ENTRETIEN;TVA 17% (ii);;17.000000;1.000000;1.000000;1.660000;PIECE;PIECE;PIECE;1669;BIDVEST
11760;TRACEL BLUE 16;PROD & MAT ENTRETIEN;TVA 17% (ii);;17.000000;10.000000;50.000000;20.310000;COLIS;SACHET;PIECE;1698;BIDVEST
11483;KAY TETE SPRAY;PROD & MAT ENTRETIEN;TVA 17% (ii);;17.000000;1.000000;1.000000;0.010000;PIECE;PIECE;PIECE;370;BIDVEST
11554;KAY WC TABS 2015;PROD & MAT ENTRETIEN;TVA 17% (ii);;17.000000;130.000000;1.000000;94.990000;COLIS;PIECE;PIECE;950;BIDVEST
11656;KIT NETT.FRITEUSES;PROD & MAT ENTRETIEN;TVA 17% (ii);;17.000000;1.000000;1.000000;37.890000;PIECE;PIECE;PIECE;1430;BIDVEST
11657;PADS KIT NETT. FRITE;PROD & MAT ENTRETIEN;TVA 17% (ii);;17.000000;10.000000;1.000000;30.590000;COLIS;PIECE;PIECE;1432;BIDVEST
11672;COFFEE CLEANER TABS;PROD & MAT ENTRETIEN;TVA 17% (ii);;17.000000;200.000000;1.000000;51.320000;COLIS;PIECE;PIECE;1506;BIDVEST
11673;MILK CLEANER;PROD & MAT ENTRETIEN;TVA 17% (ii);;17.000000;1.000000;1.000000;17.110000;COLIS;PIECE;LITRE;1507;BIDVEST
11358;KAY FRYER CLEANSER ;PROD & MAT ENTRETIEN;TVA 17% (ii);;17.000000;6.000000;567.000000;15.190000;COLIS;PIECE;GRAMME;696;BIDVEST
11359;KAY POWER PAD;PROD & MAT ENTRETIEN;TVA 17% (ii);;17.000000;12.000000;1.000000;28.640000;COLIS;PIECE;PIECE;697;BIDVEST
11360;KAY FREE DRAIN POW;PROD & MAT ENTRETIEN;TVA 17% (ii);;17.000000;25.000000;200.000000;143.760000;CENTILITRE;PIECE;GRAMME;698;BIDVEST
11361;BALAI MAGIC VERT;PROD & MAT ENTRETIEN;TVA 17% (ii);;17.000000;1.000000;1.000000;17.720000;COLIS;PIECE;PIECE;840;BIDVEST
11362;EPONGE BAL MAG VERT;PROD & MAT ENTRETIEN;TVA 17% (ii);;17.000000;1.000000;1.000000;4.280000;COLIS;PIECE;PIECE;874;BIDVEST
11482;KAY SPRAY BTL WATER;PROD & MAT ENTRETIEN;TVA 17% (ii);;17.000000;1.000000;1.000000;3.550000;PIECE;PIECE;PIECE;369;BIDVEST
11317;BALAI MAGIC BLEU 14;PROD & MAT ENTRETIEN;TVA 17% (ii);;17.000000;1.000000;1.000000;17.720000;PIECE;PIECE;PIECE;496;BIDVEST
11318;EPONGE BALAI MAG 14;PROD & MAT ENTRETIEN;TVA 17% (ii);;17.000000;1.000000;1.000000;4.280000;PIECE;PIECE;PIECE;571;BIDVEST
11350;KAY BIOSHIELD DR CL;PROD & MAT ENTRETIEN;TVA 17% (ii);;17.000000;12.000000;1.000000;45.510000;COLIS;PIECE;PIECE;692;BIDVEST
11351;KAY SPRAY BIOSHIELD;PROD & MAT ENTRETIEN;TVA 17% (ii);;17.000000;1.000000;1.000000;79.630000;PIECE;PIECE;PIECE;693;BIDVEST
11356;KAY SOLID SENSE;PROD & MAT ENTRETIEN;TVA 17% (ii);;17.000000;4.000000;1.000000;89.360000;COLIS;PIECE;PIECE;576;BIDVEST
11357;KAY MATCH UP DEGREAS;PROD & MAT ENTRETIEN;TVA 17% (ii);;17.000000;4.000000;1.000000;21.160000;COLIS;PIECE;LITRE;690;BIDVEST
10029;MOP VER. 400G;PROD & MAT ENTRETIEN;TVA 17% (ii);;17.000000;1.000000;1.000000;2.530000;PIECE;PIECE;PIECE;2284;BIDVEST
10021;CHARIOT MOP DOUBLE;PROD & MAT ENTRETIEN;TVA 17% (ii);;17.000000;1.000000;1.000000;55.400000;PIECE;PIECE;PIECE;1542;BIDVEST
10020;PRESSE MOP;PROD & MAT ENTRETIEN;TVA 17% (ii);;17.000000;1.000000;1.000000;27.650000;PIECE;PIECE;PIECE;1541;BIDVEST
10010;BALAI VER.;PROD & MAT ENTRETIEN;TVA 17% (ii);;17.000000;1.000000;1.000000;14.020000;PIECE;PIECE;PIECE;338;BIDVEST
10009;BROSSE WC + SUPPORT;PROD & MAT ENTRETIEN;TVA 17% (ii);;17.000000;1.000000;1.000000;1.410000;PIECE;PIECE;PIECE;288;BIDVEST
10007;PINCE MOP;PROD & MAT ENTRETIEN;TVA 17% (ii);;17.000000;1.000000;1.000000;2.400000;PIECE;PIECE;PIECE;272;BIDVEST
10175;KAY ACTIGEL MAINS;PROD & MAT ENTRETIEN;TVA 17% (ii);;17.000000;6.000000;80.000000;27.290000;COLIS;PIECE;CENTILITRE;6170;BIDVEST
10034;SEAU VER. 6L;PROD & MAT ENTRETIEN;TVA 17% (ii);;17.000000;1.000000;1.000000;3.870000;PIECE;PIECE;PIECE;2292;BIDVEST
10033;BROSSE VER. RONDE;PROD & MAT ENTRETIEN;TVA 17% (ii);;17.000000;1.000000;1.000000;6.070000;PIECE;PIECE;PIECE;2290;BIDVEST
10032;BROSSE VER. MURS;PROD & MAT ENTRETIEN;TVA 17% (ii);;17.000000;1.000000;1.000000;19.890000;PIECE;PIECE;PIECE;2289;BIDVEST
10031;BROSSE VER. FRIT.;PROD & MAT ENTRETIEN;TVA 17% (ii);;17.000000;1.000000;1.000000;6.320000;PIECE;PIECE;PIECE;2288;BIDVEST
10030;BROSSE VER. A MAIN;PROD & MAT ENTRETIEN;TVA 17% (ii);;17.000000;1.000000;1.000000;4.510000;PIECE;PIECE;PIECE;2287;BIDVEST
10186;KAY MATCH UP FLOOR;PROD & MAT ENTRETIEN;TVA 17% (ii);;17.000000;6.000000;1.000000;38.730000;COLIS;PIECE;LITRE;6184;BIDVEST
10183;KAY MAT.UP MULTISUR;PROD & MAT ENTRETIEN;TVA 17% (ii);;17.000000;6.000000;1.000000;30.090000;COLIS;PIECE;PIECE;6181;BIDVEST
10182;KAY ABSORBANT;PROD & MAT ENTRETIEN;TVA 17% (ii);;17.000000;1.000000;1.000000;30.910000;COLIS;PIECE;PIECE;6180;BIDVEST
10180;KAY DRY WASHMACHINE;PROD & MAT ENTRETIEN;TVA 17% (ii);;17.000000;2.000000;5.000000;65.740000;COLIS;PIECE;LITRE;6175;BIDVEST
10179;KAY DRIVE DEGREASER;PROD & MAT ENTRETIEN;TVA 17% (ii);;17.000000;4.000000;4.000000;31.350000;COLIS;PIECE;LITRE;6174;BIDVEST
10176;KAY CAPIT. DEGREASER;PROD & MAT ENTRETIEN;TVA 17% (ii);;17.000000;1.000000;10.000000;25.450000;COLIS;PIECE;LITRE;6171;BIDVEST
10231;KAY EPICARE 5;PROD & MAT ENTRETIEN;TVA 17% (ii);;17.000000;3.000000;5.000000;63.740000;COLIS;PIECE;LITRE;7339;BIDVEST
10197;KAY HANDCREAM;PROD & MAT ENTRETIEN;TVA 17% (ii);;17.000000;6.000000;80.000000;44.540000;COLIS;PIECE;CENTILITRE;6205;BIDVEST
10196;KAY FREEZER CLEAN.;PROD & MAT ENTRETIEN;TVA 17% (ii);;17.000000;2.000000;5.000000;52.010000;COLIS;PIECE;LITRE;6204;BIDVEST
10193;KAY CHLORINE;PROD & MAT ENTRETIEN;TVA 17% (ii);;17.000000;2.000000;1.000000;9.850000;COLIS;PIECE;PIECE;6199;BIDVEST
10191;KAY SPRAY ;PROD & MAT ENTRETIEN;TVA 17% (ii);;17.000000;1.000000;1.000000;41.010000;COLIS;PIECE;PIECE;6192;BIDVEST
10187;KAY DETARTRANT;PROD & MAT ENTRETIEN;TVA 17% (ii);;17.000000;48.000000;56.700000;18.020000;COLIS;PIECE;GRAMME;6187;BIDVEST
10245;KAY HAND DISP.POUCH;PROD & MAT ENTRETIEN;TVA 17% (ii);;17.000000;1.000000;1.000000;10.410000;COLIS;PIECE;PIECE;7493;BIDVEST
10236;KAY BTL MULTI SURFAC;PROD & MAT ENTRETIEN;TVA 17% (ii);;17.000000;3.000000;1.000000;7.750000;COLIS;PIECE;PIECE;7346;BIDVEST
10235;KAY WRITE AWAY GRAF;PROD & MAT ENTRETIEN;TVA 17% (ii);;17.000000;4.000000;45.000000;29.240000;COLIS;PIECE;CENTILITRE;7345;BIDVEST
10234;KAY SPRAY BTL SANIT;PROD & MAT ENTRETIEN;TVA 17% (ii);;17.000000;3.000000;1.000000;7.750000;COLIS;PIECE;PIECE;7344;BIDVEST
10233;KAY MATCH UP GUN;PROD & MAT ENTRETIEN;TVA 17% (ii);;17.000000;1.000000;1.000000;30.030000;COLIS;PIECE;PIECE;7343;BIDVEST
10232;KAY HAND DISP. BULK;PROD & MAT ENTRETIEN;TVA 17% (ii);;17.000000;1.000000;1.000000;21.060000;COLIS;PIECE;PIECE;7342;BIDVEST
10605;KAY GRILL PAD HOLDER;PROD & MAT ENTRETIEN;TVA 17% (ii);;17.000000;1.000000;1.000000;16.930000;PIECE;PIECE;PIECE;9535;BIDVEST
10604;KAY 5 ;PROD & MAT ENTRETIEN;TVA 17% (ii);;17.000000;200.000000;1.000000;31.730000;COLIS;PIECE;PIECE;6178;BIDVEST
10603;KAY DESGUARD 20;PROD & MAT ENTRETIEN;TVA 17% (ii);;17.000000;2.000000;1.000000;43.420000;COLIS;PIECE;PIECE;9533;BIDVEST
10602;KAY HI TEMP GRILL CL;PROD & MAT ENTRETIEN;TVA 17% (ii);;17.000000;92.000000;1.000000;90.980000;COLIS;PIECE;PIECE;9534;BIDVEST
10327;KAY LING. DESINFECT.;PROD & MAT ENTRETIEN;TVA 17% (ii);;17.000000;200.000000;1.000000;6.830000;COLIS;PIECE;PIECE;8598;BIDVEST
10326;KAY WIPE DISPENSER;PROD & MAT ENTRETIEN;TVA 17% (ii);;17.000000;1.000000;1.000000;0.010000;COLIS;PIECE;PIECE;8597;BIDVEST
10828;KAY TRUMP XL SPEC;PROD & MAT ENTRETIEN;TVA 17% (ii);;17.000000;4.000000;5.000000;73.930000;COLIS;BIDON;LITRE;7920;BIDVEST
10780;TABLIER BLANCS;PROD & MAT ENTRETIEN;TVA 17% (ii);;17.000000;5.000000;200.000000;44.030000;COLIS;PILE;PIECE;9527;BIDVEST
10733;ESS-MAINS ECO_12;PROD & MAT ENTRETIEN;TVA 17% (ii);;17.000000;3600.000000;1.000000;17.950000;COLIS;PIECE;PIECE;9709;BIDVEST
10728;SEAU MOP 15L RED;PROD & MAT ENTRETIEN;TVA 17% (ii);;17.000000;1.000000;1.000000;8.110000;PIECE;PIECE;PIECE;9598;BIDVEST
10668;SEAU MOP 15L BLUE;PROD & MAT ENTRETIEN;TVA 17% (ii);;17.000000;1.000000;1.000000;8.110000;PIECE;PIECE;PIECE;9597;BIDVEST
10606;KAY GRILL PAD ;PROD & MAT ENTRETIEN;TVA 17% (ii);;17.000000;10.000000;1.000000;15.430000;COLIS;PIECE;PIECE;9536;BIDVEST
10960;MANCHE 150 BL ERGO;PROD & MAT ENTRETIEN;TVA 17% (ii);;17.000000;1.000000;1.000000;9.390000;PIECE;PIECE;PIECE;9932;BIDVEST
10933;SUPPORT BLE 3 POS;PROD & MAT ENTRETIEN;TVA 17% (ii);;17.000000;1.000000;1.000000;9.310000;COLIS;PIECE;PIECE;9980;BIDVEST
10930;KAY PORTE EPONGES;PROD & MAT ENTRETIEN;TVA 17% (ii);;17.000000;1.000000;1.000000;34.420000;COLIS;PIECE;PIECE;9931;BIDVEST
10882;MANCHE VER BAS MUR;PROD & MAT ENTRETIEN;TVA 17% (ii);;17.000000;1.000000;1.000000;5.220000;PIECE;PIECE;PIECE;2302;BIDVEST
10879;KAY BTRA  ;PROD & MAT ENTRETIEN;TVA 17% (ii);;17.000000;4.000000;47.300000;24.450000;COLIS;PIECE;CENTILITRE;6179;BIDVEST
10876;KAY SPATULE BTRA;PROD & MAT ENTRETIEN;TVA 17% (ii);;17.000000;1.000000;1.000000;53.460000;PIECE;PIECE;PIECE;9930;BIDVEST
10978;BROSSE BL MAIN;PROD & MAT ENTRETIEN;TVA 17% (ii);;17.000000;1.000000;1.000000;4.740000;PIECE;PIECE;PIECE;9976;BIDVEST
10977;PINC. VER PATIS. BLC;PROD & MAT ENTRETIEN;TVA 17% (ii);;17.000000;1.000000;1.000000;1.550000;PIECE;PIECE;PIECE;9971;BIDVEST
10976;RACL.2LAME 40CM VERT;PROD & MAT ENTRETIEN;TVA 17% (ii);;17.000000;1.000000;1.000000;11.910000;PIECE;PIECE;PIECE;9967;BIDVEST
10966;REDUC PRESSE MOP PLA;PROD & MAT ENTRETIEN;TVA 17% (ii);;17.000000;1.000000;1.000000;1.430000;PIECE;PIECE;PIECE;2279;BIDVEST
10962;MANCHE 150 VERT ERGO;PROD & MAT ENTRETIEN;TVA 17% (ii);;17.000000;1.000000;1.000000;9.390000;PIECE;PIECE;PIECE;9977;BIDVEST
10961;MANCHE 150 BLEU ERGO;PROD & MAT ENTRETIEN;TVA 17% (ii);;17.000000;1.000000;1.000000;9.390000;PIECE;PIECE;PIECE;9949;BIDVEST
11017;2LAME RACL 40 CM VE;PROD & MAT ENTRETIEN;TVA 17% (ii);;17.000000;1.000000;1.000000;5.460000;PIECE;PIECE;PIECE;9969;BIDVEST
11016;2LAME RACL 40 CM BL;PROD & MAT ENTRETIEN;TVA 17% (ii);;17.000000;1.000000;1.000000;5.460000;PIECE;PIECE;PIECE;9968;BIDVEST
11015;RAC.2LAME 60 CM BL;PROD & MAT ENTRETIEN;TVA 17% (ii);;17.000000;1.000000;1.000000;14.020000;PIECE;PIECE;PIECE;9966;BIDVEST
11014;RAC.2LAME 40 CM VERT;PROD & MAT ENTRETIEN;TVA 17% (ii);;17.000000;1.000000;1.000000;11.910000;PIECE;PIECE;PIECE;9965;BIDVEST
10980;SEL DENEIG. 25KG_13;PROD & MAT ENTRETIEN;TVA 17% (ii);;17.000000;1.000000;25.000000;4.430000;PIECE;PIECE;KILO;9610;BIDVEST
10979;BROSSE VER. VAIS;PROD & MAT ENTRETIEN;TVA 17% (ii);;17.000000;1.000000;1.000000;1.880000;PIECE;PIECE;PIECE;9979;BIDVEST
11316;2LAME RACL 60CM VERT;PROD & MAT ENTRETIEN;TVA 17% (ii);;17.000000;1.000000;1.000000;7.480000;PIECE;PIECE;PIECE;573;BIDVEST
11169;KAY RESTROOM CLEANER;PROD & MAT ENTRETIEN;TVA 17% (ii);;17.000000;6.000000;100.000000;38.430000;COLIS;PIECE;CENTILITRE;229;BIDVEST
11021;BROSSE UNIV BLEU;PROD & MAT ENTRETIEN;TVA 17% (ii);;17.000000;1.000000;1.000000;9.140000;PIECE;PIECE;PIECE;9974;BIDVEST
11020;BROSSE UNIV VERT;PROD & MAT ENTRETIEN;TVA 17% (ii);;17.000000;1.000000;1.000000;9.140000;PIECE;PIECE;PIECE;9973;BIDVEST
11019;ADAPT UNIV MANCHE;PROD & MAT ENTRETIEN;TVA 17% (ii);;17.000000;1.000000;1.000000;2.800000;PIECE;PIECE;PIECE;9972;BIDVEST
11018;2LAME RACL 60 CM BL;PROD & MAT ENTRETIEN;TVA 17% (ii);;17.000000;1.000000;1.000000;7.480000;PIECE;PIECE;PIECE;9970;BIDVEST
10135;PORTE-OUTIL MOPCAR;PROD & MAT ENTRETIEN;TVA 17% (ii);;17.000000;1.000000;1.000000;5.430000;PIECE;PIECE;PIECE;5387;BIDVEST
10145;TRACEL BLEUE;PROD & MAT ENTRETIEN;TVA 17% (ii);;17.000000;20.000000;50.000000;41.370000;COLIS;SACHET;PIECE;5763;BIDVEST
10146;TRACEL VERTE;PROD & MAT ENTRETIEN;TVA 17% (ii);;17.000000;20.000000;50.000000;41.370000;COLIS;SACHET;PIECE;5764;BIDVEST
10147;TRACEL ROUGE;PROD & MAT ENTRETIEN;TVA 17% (ii);;17.000000;20.000000;50.000000;41.370000;COLIS;SACHET;PIECE;5765;BIDVEST
11294;EAU DISTILLEE 3X5L ;PROD & MAT ENTRETIEN;TVA 17% (ii);;17.000000;3.000000;5.000000;5.520000;COLIS;BIDON;LITRE;489;BIDVEST
11315;RACL.2LAME 60CM VERT;PROD & MAT ENTRETIEN;TVA 17% (ii);;17.000000;1.000000;1.000000;14.020000;PIECE;PIECE;PIECE;572;BIDVEST
10045;SUPPORT MOP PLAT;PROD & MAT ENTRETIEN;TVA 17% (ii);;17.000000;1.000000;1.000000;16.740000;PIECE;PIECE;PIECE;2309;BIDVEST
10044;MOP BLE. PLAT;PROD & MAT ENTRETIEN;TVA 17% (ii);;17.000000;1.000000;1.000000;3.060000;COLIS;PIECE;PIECE;2308;BIDVEST
10041;MOP BLE. 400G;PROD & MAT ENTRETIEN;TVA 17% (ii);;17.000000;1.000000;1.000000;2.530000;PIECE;PIECE;PIECE;2304;BIDVEST
10039;SUPPORT VER. 3 POS;PROD & MAT ENTRETIEN;TVA 17% (ii);;17.000000;1.000000;1.000000;9.310000;PIECE;PIECE;PIECE;2301;BIDVEST
10037;TETE VER. BROSSE BT;PROD & MAT ENTRETIEN;TVA 17% (ii);;17.000000;1.000000;1.000000;5.800000;PIECE;PIECE;PIECE;2298;BIDVEST
10129;VINAIGRE ALCOOL 6%;PROD & MAT ENTRETIEN;TVA 17% (ii);;17.000000;10.000000;100.000000;3.680000;COLIS;LITRE;CENTILITRE;5209;BIDVEST
10054;BROSSE BLAN. EXTER.;PROD & MAT ENTRETIEN;TVA 17% (ii);;17.000000;1.000000;1.000000;13.520000;PIECE;PIECE;PIECE;2325;BIDVEST
10052;MOP BLANC;PROD & MAT ENTRETIEN;TVA 17% (ii);;17.000000;1.000000;1.000000;2.080000;PIECE;PIECE;PIECE;2322;BIDVEST
10049;BALAI BLEU;PROD & MAT ENTRETIEN;TVA 17% (ii);;17.000000;1.000000;1.000000;14.020000;PIECE;PIECE;PIECE;2316;BIDVEST
10048;SEAU BLE. 6L;PROD & MAT ENTRETIEN;TVA 17% (ii);;17.000000;1.000000;1.000000;3.870000;PIECE;PIECE;PIECE;2314;BIDVEST
10047;MANCHE BLE. BAS MUR;PROD & MAT ENTRETIEN;TVA 17% (ii);;17.000000;1.000000;1.000000;5.220000;PIECE;PIECE;PIECE;2313;BIDVEST
10046;BROSSE BLE. RONDE;PROD & MAT ENTRETIEN;TVA 17% (ii);;17.000000;1.000000;1.000000;6.070000;PIECE;PIECE;PIECE;2311;BIDVEST
10069;TIGES BALLONS BLANC;ANNIVERSAIRE;TVA 17% (ii);;17.000000;2.000000;500.000000;21.860000;COLIS;SACHET;PIECE;3902;BIDVEST
10064;EMBOUT GONF. BALLON;ANNIVERSAIRE;TVA 17% (ii);;17.000000;1.000000;1.000000;0.780000;COLIS;PIECE;PIECE;3807;BIDVEST
10105;ANNIF ASSIETTE CART.;ANNIVERSAIRE;TVA 17% (ii);;17.000000;1000.000000;1.000000;35.310000;COLIS;PIECE;PIECE;4747;BIDVEST
10169;ANNIF FR LEAFLET;ANNIVERSAIRE;TVA 17% (ii);;17.000000;250.000000;1.000000;6.772000;COLIS;PIECE;PIECE;5983;BIDVEST
11203;GADG STICKERS FAM Q;ANNIVERSAIRE;TVA 17% (ii);;17.000000;100.000000;1.000000;13.340000;COLIS;PIECE;PIECE;177;BIDVEST
11204;GADG SL. HANG.FAM Q;ANNIVERSAIRE;TVA 17% (ii);;17.000000;100.000000;1.000000;15.750000;COLIS;PIECE;PIECE;178;BIDVEST
11946;16BDY BIRTHDAY BOX ;ANNIVERSAIRE;TVA 17% (ii);;17.000000;100.000000;1.000000;32.510000;COLIS;PIECE;PIECE;1782;BIDVEST
11918;16BDY F.AIDE CMDE FR;ANNIVERSAIRE;TVA 17% (ii);;17.000000;100.000000;1.000000;5.330000;COLIS;PIECE;PIECE;669;BIDVEST
11919;16BDY F.AIDE CMDE NL;ANNIVERSAIRE;TVA 17% (ii);;17.000000;100.000000;1.000000;5.330000;COLIS;PIECE;PIECE;671;BIDVEST
11920;16BDY LEAFL REV LUX;ANNIVERSAIRE;TVA 17% (ii);;17.000000;125.000000;1.000000;4.160000;COLIS;PIECE;PIECE;646;BIDVEST
11921;16BDY CLASSEUR FR;ANNIVERSAIRE;TVA 17% (ii);;17.000000;1.000000;1.000000;0.010000;COLIS;PIECE;PIECE;679;BIDVEST
11943;16BDY FICHE DIDA FR;ANNIVERSAIRE;TVA 17% (ii);;17.000000;8.000000;1.000000;13.850000;COLIS;PIECE;PIECE;1401;BIDVEST
11944;16BDY FICHE DIDA NL;ANNIVERSAIRE;TVA 17% (ii);;17.000000;8.000000;1.000000;13.850000;COLIS;PIECE;PIECE;1402;BIDVEST
11838;16BDY POCK P HERO FR;ANNIVERSAIRE;TVA 17% (ii);;17.000000;10.000000;1.000000;4.980000;COLIS;PIECE;PIECE;617;BIDVEST
11913;16BDY MAP NL ;ANNIVERSAIRE;TVA 17% (ii);;17.000000;1.000000;1.000000;0.010000;COLIS;PIECE;PIECE;680;BIDVEST
11914;16BDY PLANNING FR ;ANNIVERSAIRE;TVA 17% (ii);;17.000000;50.000000;1.000000;3.610000;COLIS;PIECE;PIECE;660;BIDVEST
11915;16BDY PLANNING NL;ANNIVERSAIRE;TVA 17% (ii);;17.000000;50.000000;1.000000;3.610000;COLIS;PIECE;PIECE;661;BIDVEST
11916;16BDY F.INSCRIP FR;ANNIVERSAIRE;TVA 17% (ii);;17.000000;100.000000;1.000000;3.860000;COLIS;PIECE;PIECE;662;BIDVEST
11917;16BDY F.INSCRIP NL;ANNIVERSAIRE;TVA 17% (ii);;17.000000;100.000000;1.000000;3.860000;COLIS;PIECE;PIECE;663;BIDVEST
11832;16BDY START KIT FR;ANNIVERSAIRE;TVA 17% (ii);;17.000000;1.000000;1.000000;0.000000;COLIS;PIECE;PIECE;21;BIDVEST
11833;16BDY PLACEMAT V1 FR;ANNIVERSAIRE;TVA 17% (ii);;17.000000;1000.000000;1.000000;13.200000;COLIS;PIECE;PIECE;356;BIDVEST
11834;16BDY PLACEMAT V1 NL;ANNIVERSAIRE;TVA 17% (ii);;17.000000;1000.000000;1.000000;13.200000;COLIS;PIECE;PIECE;365;BIDVEST
11835;16BDY INVIT HEROS FR;ANNIVERSAIRE;TVA 17% (ii);;17.000000;10.000000;1.000000;0.640000;COLIS;PIECE;PIECE;613;BIDVEST
11836;16BDY INVIT SAFARI FR;ANNIVERSAIRE;TVA 17% (ii);;17.000000;10.000000;1.000000;0.640000;COLIS;PIECE;PIECE;615;BIDVEST
11837;16BDY MASQ HEROS;ANNIVERSAIRE;TVA 17% (ii);;17.000000;2.000000;7.000000;2.970000;COLIS;SACHET;PIECE;1615;BIDVEST
11756;TEST ANV ST MASQ SAF;ANNIVERSAIRE;TVA 17% (ii);;17.000000;16.000000;1.000000;2.130000;COLIS;PIECE;PIECE;11;BIDVEST
11757;TEST ANV MASQ SAF;ANNIVERSAIRE;TVA 17% (ii);;17.000000;15.000000;1.000000;2.970000;COLIS;PIECE;PIECE;1368;BIDVEST
11758;TEST ANV ST MASQ HER;ANNIVERSAIRE;TVA 17% (ii);;17.000000;16.000000;1.000000;2.130000;COLIS;PIECE;PIECE;1443;BIDVEST
11783;GADG.MINI TOUPIE;ANNIVERSAIRE;TVA 17% (ii);;17.000000;100.000000;1.000000;10.070000;COLIS;PIECE;PIECE;50;BIDVEST
11784;GADG.BALLE REBOND;ANNIVERSAIRE;TVA 17% (ii);;17.000000;100.000000;1.000000;13.140000;COLIS;PIECE;PIECE;51;BIDVEST
11829;GADG.FLYING QCKOS;ANNIVERSAIRE;TVA 17% (ii);;17.000000;100.000000;1.000000;12.320000;COLIS;PIECE;PIECE;52;BIDVEST
11480;KDO GUITARE QUICKOS;ANNIVERSAIRE;TVA 17% (ii);;17.000000;3.000000;1.000000;14.930000;COLIS;PIECE;PIECE;762;BIDVEST
11558;KDO PLAYMO PANDAS;ANNIVERSAIRE;TVA 17% (ii);;17.000000;4.000000;1.000000;40.720000;COLIS;PIECE;PIECE;1013;BIDVEST
11625;KDO PLAYMO GORILLES;ANNIVERSAIRE;TVA 17% (ii);;17.000000;4.000000;1.000000;45.620000;COLIS;PIECE;PIECE;1288;BIDVEST
11648;BAL METAL QUICKOS;ANNIVERSAIRE;TVA 17% (ii);;17.000000;5.000000;500.000000;104.910000;COLIS;SACHET;PIECE;1351;BIDVEST
11749;TEST ANV MASQ HEROS;ANNIVERSAIRE;TVA 17% (ii);;17.000000;15.000000;1.000000;2.970000;COLIS;PIECE;PIECE;1369;BIDVEST
11755;TEST ANV HOUSSE PARA;ANNIVERSAIRE;TVA 17% (ii);;17.000000;1.000000;1.000000;0.010000;PIECE;PIECE;PIECE;1461;BIDVEST
11840;16BDY LEAFL REVIS FR;ANNIVERSAIRE;TVA 17% (ii);;17.000000;125.000000;1.000000;4.160000;COLIS;PIECE;PIECE;621;BIDVEST
11839;16BDY POCK P SAF FR;ANNIVERSAIRE;TVA 17% (ii);;17.000000;10.000000;1.000000;4.980000;COLIS;PIECE;PIECE;619;BIDVEST
10171;16BDY KIT COLOR;ANNIVERSAIRE;TVA 17% (ii);;17.000000;1.000000;1.000000;6.190000;COLIS;PIECE;PIECE;5991;BIDVEST
11438;GADG.GOM QUICKOS;ANNIVERSAIRE;TVA 17% (ii);;17.000000;100.000000;1.000000;13.140000;COLIS;PIECE;PIECE;701;BIDVEST
11447;GADG.GOM MIX;ANNIVERSAIRE;TVA 17% (ii);;17.000000;100.000000;1.000000;12.550000;COLIS;PIECE;PIECE;1440;BIDVEST
11479;KDO CUISINE QUICKOS;ANNIVERSAIRE;TVA 17% (ii);;17.000000;3.000000;1.000000;19.280000;COLIS;PIECE;PIECE;699;BIDVEST
11846;16BDY INVIT SAFARI NL;ANNIVERSAIRE;TVA 17% (ii);;17.000000;10.000000;1.000000;0.640000;COLIS;PIECE;PIECE;1129;BIDVEST
11845;16BDY INVIT HEROS NL;ANNIVERSAIRE;TVA 17% (ii);;17.000000;10.000000;1.000000;0.640000;COLIS;PIECE;PIECE;1128;BIDVEST
11844;16BDY CARD SAFARI NL;ANNIVERSAIRE;TVA 17% (ii);;17.000000;2.000000;1.000000;3.850000;COLIS;PIECE;PIECE;1127;BIDVEST
11843;16BDY CARD HEROS NL;ANNIVERSAIRE;TVA 17% (ii);;17.000000;2.000000;1.000000;3.850000;COLIS;PIECE;PIECE;1126;BIDVEST
11842;16BDY START KIT NL;ANNIVERSAIRE;TVA 17% (ii);;17.000000;1.000000;1.000000;0.000000;COLIS;PIECE;PIECE;643;BIDVEST
11841;16BDY LEAFL GEN FR;ANNIVERSAIRE;TVA 17% (ii);;17.000000;125.000000;1.000000;12.400000;COLIS;PIECE;PIECE;634;BIDVEST
11852;16BDY TABLECLOTH;ANNIVERSAIRE;TVA 17% (ii);;17.000000;4.000000;1.000000;41.370000;COLIS;PIECE;PIECE;1309;BIDVEST
11851;16BDY VITR STICK NL;ANNIVERSAIRE;TVA 17% (ii);;17.000000;1.000000;1.000000;11.670000;COLIS;PIECE;PIECE;1231;BIDVEST
11850;16BDY LEAFL GEN NL;ANNIVERSAIRE;TVA 17% (ii);;17.000000;125.000000;1.000000;12.400000;COLIS;PIECE;PIECE;1230;BIDVEST
11849;16BDY LEAFL REVIS NL;ANNIVERSAIRE;TVA 17% (ii);;17.000000;125.000000;1.000000;4.160000;COLIS;PIECE;PIECE;1132;BIDVEST
11848;16BDY POCK P SAF NL;ANNIVERSAIRE;TVA 17% (ii);;17.000000;10.000000;1.000000;4.980000;COLIS;PIECE;PIECE;1131;BIDVEST
11847;16BDY POCK P HERO NL;ANNIVERSAIRE;TVA 17% (ii);;17.000000;10.000000;1.000000;4.980000;COLIS;PIECE;PIECE;1130;BIDVEST
11858;16BDY CARD SAFARI FR;ANNIVERSAIRE;TVA 17% (ii);;17.000000;2.000000;1.000000;3.850000;COLIS;PIECE;PIECE;1353;BIDVEST
11857;16BDY VITR STICK FR;ANNIVERSAIRE;TVA 17% (ii);;17.000000;1.000000;1.000000;11.670000;COLIS;PIECE;PIECE;1328;BIDVEST
11856;16BDY T SHIRT XL;ANNIVERSAIRE;TVA 17% (ii);;17.000000;1.000000;1.000000;7.430000;COLIS;PIECE;PIECE;1327;BIDVEST
11855;16BDY T SHIRT L;ANNIVERSAIRE;TVA 17% (ii);;17.000000;1.000000;1.000000;7.430000;COLIS;PIECE;PIECE;1326;BIDVEST
11854;16BDY T SHIRT M;ANNIVERSAIRE;TVA 17% (ii);;17.000000;1.000000;1.000000;7.430000;COLIS;PIECE;PIECE;1325;BIDVEST
11853;16BDY T SHIRT S;ANNIVERSAIRE;TVA 17% (ii);;17.000000;1.000000;1.000000;7.430000;COLIS;PIECE;PIECE;1318;BIDVEST
11864;16BDY STICK MASQ SAF;ANNIVERSAIRE;TVA 17% (ii);;17.000000;12.000000;1.000000;2.130000;COLIS;PIECE;PIECE;1655;BIDVEST
11863;16BDY STICK MASQ HER;ANNIVERSAIRE;TVA 17% (ii);;17.000000;12.000000;1.000000;2.130000;COLIS;PIECE;PIECE;1639;BIDVEST
11862;16BDY MASQ SAFARI;ANNIVERSAIRE;TVA 17% (ii);;17.000000;2.000000;7.000000;2.970000;COLIS;SACHET;PIECE;1616;BIDVEST
11861;16BDY GUIRLANDE;ANNIVERSAIRE;TVA 17% (ii);;17.000000;1.000000;1.000000;2.910000;COLIS;PIECE;PIECE;1367;BIDVEST
11860;16BDY STICKER NAME;ANNIVERSAIRE;TVA 17% (ii);;17.000000;20.000000;1.000000;7.270000;COLIS;PIECE;PIECE;1365;BIDVEST
11859;16BDY CARD HEROS FR;ANNIVERSAIRE;TVA 17% (ii);;17.000000;2.000000;1.000000;3.850000;COLIS;PIECE;PIECE;1355;BIDVEST
10388;KDO BABYFOOT;ANNIVERSAIRE;TVA 17% (ii);;17.000000;3.000000;1.000000;21.350000;COLIS;PIECE;PIECE;9085;BIDVEST
10333;GADG. STICKERS Q ;ANNIVERSAIRE;TVA 17% (ii);;17.000000;100.000000;1.000000;11.950000;COLIS;PIECE;PIECE;9055;BIDVEST
10315;KDO SCRAPBOOK.;ANNIVERSAIRE;TVA 17% (ii);;17.000000;3.000000;1.000000;17.550000;COLIS;PIECE;PIECE;8408;BIDVEST
10248;KDO MP3;ANNIVERSAIRE;TVA 17% (ii);;17.000000;3.000000;1.000000;34.690000;COLIS;PIECE;PIECE;7513;BIDVEST
11867;16BDY DISPLAY C.CAKE;ANNIVERSAIRE;TVA 17% (ii);;17.000000;25.000000;1.000000;48.390000;COLIS;PIECE;PIECE;1729;BIDVEST
11865;16BDY COVER PARAV ;ANNIVERSAIRE;TVA 17% (ii);;17.000000;1.000000;1.000000;329.080000;COLIS;PIECE;PIECE;1662;BIDVEST
10648;16BDY STRUCT PARAV;ANNIVERSAIRE;TVA 17% (ii);;17.000000;1.000000;1.000000;211.260000;PIECE;PIECE;PIECE;9396;BIDVEST
10481;KDO CUISINE '11;ANNIVERSAIRE;TVA 17% (ii);;17.000000;3.000000;1.000000;18.340000;COLIS;PIECE;PIECE;9110;BIDVEST
10475;GADG BANDIES ;ANNIVERSAIRE;TVA 17% (ii);;17.000000;100.000000;1.000000;15.520000;COLIS;PIECE;PIECE;9289;BIDVEST
10393;KDO KIT COUTURE;ANNIVERSAIRE;TVA 17% (ii);;17.000000;3.000000;1.000000;19.970000;COLIS;PIECE;PIECE;9081;BIDVEST
10391;KDO GARAGE AUTO;ANNIVERSAIRE;TVA 17% (ii);;17.000000;3.000000;1.000000;26.590000;COLIS;PIECE;PIECE;9082;BIDVEST
10390;KDO CIRCUIT BILLE;ANNIVERSAIRE;TVA 17% (ii);;17.000000;3.000000;1.000000;17.000000;COLIS;PIECE;PIECE;9087;BIDVEST
11237;KDO PLAYMOBIL PLANE;ANNIVERSAIRE;TVA 17% (ii);;17.000000;4.000000;1.000000;44.510000;COLIS;PIECE;PIECE;9395;BIDVEST
11292;KDO TROTTINETTE;ANNIVERSAIRE;TVA 17% (ii);;17.000000;4.000000;1.000000;37.540000;COLIS;PIECE;PIECE;486;BIDVEST
11293;KDO ATELIER PEINTURE;ANNIVERSAIRE;TVA 17% (ii);;17.000000;6.000000;1.000000;52.750000;COLIS;PIECE;PIECE;487;BIDVEST
11307;KDO CREA BADGES;ANNIVERSAIRE;TVA 17% (ii);;17.000000;3.000000;1.000000;17.820000;COLIS;PIECE;PIECE;570;BIDVEST
10887;GADG STICKERS Q;ANNIVERSAIRE;TVA 17% (ii);;17.000000;50.000000;1.000000;6.930000;COLIS;PIECE;PIECE;6870;BIDVEST
10670;16BDY BOUGIES+SUP;ANNIVERSAIRE;TVA 17% (ii);;17.000000;100.000000;1.000000;2.460000;COLIS;PIECE;PIECE;8907;BIDVEST
10096;SAC COMPACT. BLEU;ECONOMAT;TVA 17% (ii);;17.000000;100.000000;1.000000;94.800000;COLIS;PIECE;PIECE;4722;BIDVEST
10095;SAC POUB. ORWAK;ECONOMAT;TVA 17% (ii);;17.000000;100.000000;1.000000;32.190000;COLIS;PIECE;PIECE;4721;BIDVEST
10094;SEL DE DENEIGEMENT;ECONOMAT;TVA 17% (ii);;17.000000;1.000000;1.000000;4.090000;COLIS;PIECE;PIECE;4705;BIDVEST
10091;KETCHUP BIB ROBINET;ECONOMAT;TVA 17% (ii);;17.000000;1.000000;1.000000;7.400000;COLIS;PIECE;PIECE;4635;BIDVEST
10063;SEL ADOUCISSEUR;ECONOMAT;TVA 17% (ii);;17.000000;1.000000;25.000000;5.300000;COLIS;PIECE;KILO;3730;BIDVEST
10104;PAPIER A4;ECONOMAT;TVA 17% (ii);;17.000000;5.000000;500.000000;18.350000;COLIS;SACHET;PIECE;4743;BIDVEST
11484;PAPIER ROUL 6PCS;ECONOMAT;TVA 17% (ii);;17.000000;6.000000;1.000000;19.680000;COLIS;PIECE;PIECE;1182;BIDVEST
11618;POMPE SIROP LAVAZZA;ECONOMAT;TVA 17% (ii);;17.000000;1.000000;1.000000;2.390000;PIECE;PIECE;PIECE;8464;BIDVEST
11703;DISPLAY SIROP ;ECONOMAT;TVA 17% (ii);;17.000000;1.000000;1.000000;0.010000;PIECE;PIECE;PIECE;1434;BIDVEST
11727;GANT S ANTIHOT TUCK;ECONOMAT;TVA 17% (ii);;17.000000;1.000000;1.000000;22.050000;COLIS;PIECE;PIECE;173;BIDVEST
11728;GANT M ANTIHOT TUCK;ECONOMAT;TVA 17% (ii);;17.000000;1.000000;1.000000;22.050000;COLIS;PIECE;PIECE;174;BIDVEST
11729;GANT L ANTIHOT TUCK;ECONOMAT;TVA 17% (ii);;17.000000;1.000000;1.000000;22.050000;PIECE;PIECE;PIECE;175;BIDVEST
10017;GOB PERSONNEL;ECONOMAT;TVA 17% (ii);;17.000000;30.000000;100.000000;41.330000;COLIS;SACHET;PIECE;936;BIDVEST
10016;FILTRE PAPIER RECT;ECONOMAT;TVA 17% (ii);;17.000000;100.000000;1.000000;100.410000;COLIS;PIECE;PIECE;929;BIDVEST
10014;BAVOIR QUICKOS;ECONOMAT;TVA 17% (ii);;17.000000;1000.000000;1.000000;46.320000;COLIS;PIECE;PIECE;816;BIDVEST
10013;GANTS CAOUTCHOUC;ECONOMAT;TVA 17% (ii);;17.000000;1.000000;1.000000;2.510000;PIECE;PIECE;PIECE;718;BIDVEST
10002;SAC POUB. NOIR;ECONOMAT;TVA 17% (ii);;17.000000;100.000000;1.000000;22.930000;COLIS;PIECE;PIECE;7;BIDVEST
10001;SAC POUB. GRIS;ECONOMAT;TVA 17% (ii);;17.000000;250.000000;1.000000;21.720000;COLIS;PIECE;PIECE;8;BIDVEST
11119;CHARLOTTE BLANCHE;ECONOMAT;TVA 17% (ii);;17.000000;10.000000;100.000000;16.880000;COLIS;SACHET;PIECE;8360;BIDVEST
10755;DIST TAB BLC/CHARL;ECONOMAT;TVA 17% (ii);;17.000000;1.000000;1.000000;15.440000;COLIS;PIECE;PIECE;7919;BIDVEST
10474;BLOUSE BL VISITEUR;ECONOMAT;TVA 17% (ii);;17.000000;25.000000;1.000000;10.310000;COLIS;PIECE;PIECE;9349;BIDVEST
10395;LUNETTES SECURITE;ECONOMAT;TVA 17% (ii);;17.000000;1.000000;1.000000;10.010000;COLIS;PIECE;PIECE;4928;BIDVEST
10365;PLATEAU Q GRIS;ECONOMAT;TVA 17% (ii);;17.000000;25.000000;1.000000;32.970000;COLIS;PIECE;PIECE;8739;BIDVEST
10362;GANT SALADE;ECONOMAT;TVA 17% (ii);;17.000000;100.000000;1.000000;0.650000;COLIS;PIECE;PIECE;8603;BIDVEST
10106;TAMPON RECURAGE;ECONOMAT;TVA 17% (ii);;17.000000;7.000000;20.000000;33.130000;COLIS;SACHET;PIECE;4758;BIDVEST
10109;PAPIER ROUL. SERV BO;ECONOMAT;TVA 17% (ii);;17.000000;6.000000;1.000000;21.180000;COLIS;PIECE;PIECE;4781;BIDVEST
10110;FILTRE PAPIER ROND;ECONOMAT;TVA 17% (ii);;17.000000;100.000000;1.000000;83.760000;COLIS;SACHET;PIECE;4783;BIDVEST
10138;VITAFILM 45CM;ECONOMAT;TVA 17% (ii);;17.000000;4.000000;1.000000;25.390000;COLIS;PIECE;PIECE;5446;BIDVEST
11274;PAPIER TOIL VEN 24PC;ECONOMAT;TVA 17% (ii);;17.000000;24.000000;1.000000;20.620000;COLIS;PIECE;PIECE;340;BIDVEST
11165;PAPIER WC 40 PC;ECONOMAT;TVA 17% (ii);;17.000000;40.000000;1.000000;9.780000;COLIS;PIECE;PIECE;1178;BIDVEST
10125;BAC BUNS;CONSIGNES;TVA 0%;;0.000000;1.000000;1.000000;3.720000;PIECE;PIECE;PIECE;5153;VIDANGES
10126;DOLLY;CONSIGNES;TVA 0%;;0.000000;1.000000;1.000000;37.180000;PIECE;PIECE;PIECE;5154;VIDANGES
10127;ROLL;CONSIGNES;TVA 0%;;0.000000;1.000000;1.000000;120.000000;PIECE;PIECE;PIECE;5155;VIDANGES
10131;BAC TOASTS;CONSIGNES;TVA 0%;;0.000000;1.000000;1.000000;6.200000;PIECE;PIECE;PIECE;5286;VIDANGES
10878;GRILL ROLL;CONSIGNES;TVA 0%;;0.000000;1.000000;1.000000;11.000000;PIECE;PIECE;PIECE;9929;VIDANGES
10263;BAC LEGUMES 60/40;CONSIGNES;TVA 0%;;0.000000;1.000000;1.000000;3.860000;PIECE;PIECE;PIECE;7671;VIDANGES
10262;BAC LEGUMES 40/30;CONSIGNES;TVA 0%;;0.000000;1.000000;1.000000;0.900000;PIECE;PIECE;PIECE;7670;VIDANGES
10122;T-SHIRT Q ENFANT;MERCHANDISING;TVA 17% (ii);;17.000000;1.000000;1.000000;2.970000;COLIS;PIECE;PIECE;5128;BIDVEST
10124;T-SHIRT Q SMALL;MERCHANDISING;TVA 17% (ii);;17.000000;1.000000;1.000000;4.870000;COLIS;PIECE;PIECE;5131;BIDVEST
10092;JUS CITRON;NOURRITURE SEC;TVA 3 (ii);;3.000000;100.000000;1.000000;5.130000;COLIS;PIECE;PIECE;4640;BIDVEST
10088;SPA REINE 50CL;NOURRITURE SEC;TVA 3 (ii);;3.000000;24.000000;1.000000;5.050000;COLIS;PIECE;PIECE;4631;BIDVEST
10107;LAIT DOSE;NOURRITURE SEC;TVA 3 (ii);;3.000000;240.000000;1.000000;7.490000;COLIS;PIECE;PIECE;4761;BIDVEST
10120;SPA BARISART 33CL ;NOURRITURE SEC;TVA 3 (ii);;3.000000;24.000000;1.000000;3.880000;COLIS;PIECE;PIECE;5035;BIDVEST
10121;JUS MINUTE MAID 33CL;NOURRITURE SEC;TVA 3 (ii);;3.000000;24.000000;1.000000;16.990000;COLIS;PIECE;PIECE;5041;BIDVEST
10133;SUCRE SACHET;NOURRITURE SEC;TVA 3 (ii);;3.000000;1500.000000;1.000000;10.800000;COLIS;PIECE;PIECE;5299;BIDVEST
11754;PATE A TARTINE CHOCO;NOURRITURE SEC;TVA 3 (ii);;3.000000;120.000000;1.000000;13.670000;COLIS;PIECE;PIECE;1165;BIDVEST
11794; MIX SALT /PEPPER;NOURRITURE SEC;TVA 3 (ii);;3.000000;10.000000;1000.000000;41.710000;COLIS;SACHET;GRAMME;3469;BIDVEST
11922;TEST SAU.BBQ HZ POCH;NOURRITURE SEC;TVA 3 (ii);;3.000000;8.000000;1160.000000;35.510000;COLIS;SACHET;GRAMME;1773;BIDVEST
11730;16BDY KIT DECO C.CAKES;NOURRITURE SEC;TVA 3 (ii);;3.000000;12.000000;1.000000;68.020000;COLIS;PIECE;PIECE;1475;BIDVEST
11738;TOPPING SNICKERS;NOURRITURE SEC;TVA 3 (ii);;3.000000;1.000000;500.000000;4.340000;COLIS;SACHET;GRAMME;423;BIDVEST
11739;TOPPING M-M CHOC;NOURRITURE SEC;TVA 3 (ii);;3.000000;1.000000;750.000000;6.420000;COLIS;SACHET;GRAMME;1621;BIDVEST
11740;TEST CHARGRILL ;NOURRITURE SEC;TVA 3 (ii);;3.000000;4.000000;500.000000;45.060000;COLIS;PIECE;GRAMME;1612;BIDVEST
11742;CONFITURE FRAISES;NOURRITURE SEC;TVA 3 (ii);;3.000000;120.000000;1.000000;13.750000;COLIS;PIECE;PIECE;1162;BIDVEST
11743;CONFITURE ABRICOTS;NOURRITURE SEC;TVA 3 (ii);;3.000000;120.000000;1.000000;12.770000;COLIS;PIECE;PIECE;1163;BIDVEST
11560;NAP.SQZ CAR-CHOCO15;NOURRITURE SEC;TVA 3 (ii);;3.000000;1.000000;315.000000;1.860000;COLIS;PIECE;GRAMME;1089;BIDVEST
11677;TEA BREAKFAST LP15;NOURRITURE SEC;TVA 3 (ii);;3.000000;6.000000;25.000000;14.200000;COLIS;BARQUETTE;PIECE;1515;BIDVEST
11678;TEA EARL GREY LP15;NOURRITURE SEC;TVA 3 (ii);;3.000000;6.000000;25.000000;14.200000;COLIS;BARQUETTE;PIECE;1516;BIDVEST
11679;SIROP 1L CAFE-VAN;NOURRITURE SEC;TVA 3 (ii);;3.000000;1.000000;100.000000;3.580000;COLIS;PIECE;CENTILITRE;1514;BIDVEST
11680;SIROP 1L CAFE-CAR;NOURRITURE SEC;TVA 3 (ii);;3.000000;1.000000;100.000000;3.580000;COLIS;PIECE;CENTILITRE;1513;BIDVEST
11708;TEA MINT LIPTON 15;NOURRITURE SEC;TVA 3 (ii);;3.000000;6.000000;25.000000;14.200000;COLIS;BARQUETTE;PIECE;1510;BIDVEST
11354;SIROP 1L SHK CARA 14;NOURRITURE SEC;TVA 3 (ii);;3.000000;1.000000;100.000000;3.220000;COLIS;PIECE;CENTILITRE;759;BIDVEST
11355;SIROP 1L SHK BAN 14;NOURRITURE SEC;TVA 3 (ii);;3.000000;6.000000;100.000000;17.480000;COLIS;PIECE;CENTILITRE;761;BIDVEST
11413;CHOCOLAT LACTE;NOURRITURE SEC;TVA 3 (ii);;3.000000;10.000000;1000.000000;77.590000;COLIS;SACHET;GRAMME;777;BIDVEST
11414;COFFEE GOLD LAVAZZA;NOURRITURE SEC;TVA 3 (ii);;3.000000;6.000000;1000.000000;71.930000;COLIS;SACHET;GRAMME;778;BIDVEST
11461;TOPPING LION 2015;NOURRITURE SEC;TVA 3 (ii);;3.000000;12.000000;400.000000;77.740000;COLIS;SACHET;GRAMME;807;BIDVEST
11544;BDY SWEET QUICKOS ;NOURRITURE SEC;TVA 3 (ii);;3.000000;300.000000;1.000000;42.550000;COLIS;PIECE;PIECE;986;BIDVEST
10359;SUCRE IMPALPABLE 8GR;NOURRITURE SEC;TVA 3 (ii);;3.000000;500.000000;1.000000;19.160000;COLIS;PIECE;PIECE;8559;BIDVEST
10340;HAMSLICES;NOURRITURE SEC;TVA 3 (ii);;3.000000;1.000000;2000.000000;10.820000;COLIS;SEAU;PIECE;622;BIDVEST
10261;MIX SOFTY 5%;NOURRITURE SEC;TVA 3 (ii);;3.000000;3.000000;500.000000;20.010000;COLIS;BIDON;CENTILITRE;7668;BIDVEST
10240;SPECULOOS LOTUS;NOURRITURE SEC;TVA 3 (ii);;3.000000;6.000000;50.000000;11.310000;COLIS;SACHET;PIECE;7422;BIDVEST
10198;JUS MINUTE MAID 20CL;NOURRITURE SEC;TVA 3 (ii);;3.000000;32.000000;1.000000;14.070000;COLIS;PIECE;PIECE;6206;BIDVEST
11353;SIROP 1L SHK FRA 14 ;NOURRITURE SEC;TVA 3 (ii);;3.000000;6.000000;100.000000;17.830000;COLIS;PIECE;CENTILITRE;753;BIDVEST
11264;NAP.SQZ FRAISE 2014;NOURRITURE SEC;TVA 3 (ii);;3.000000;1.000000;650.000000;2.890000;COLIS;PIECE;GRAMME;420;BIDVEST
11265;NAP.SQZ CARAMEL 2014;NOURRITURE SEC;TVA 3 (ii);;3.000000;6.000000;650.000000;15.480000;COLIS;PIECE;GRAMME;421;BIDVEST
11098;SPA REINE 33CL_13;NOURRITURE SEC;TVA 3 (ii);;3.000000;24.000000;1.000000;3.750000;COLIS;PIECE;PIECE;1145;BIDVEST
11035;HUILE CARGILL;NOURRITURE SEC;TVA 3 (ii);;3.000000;3.000000;500.000000;21.470000;COLIS;BIDON;CENTILITRE;9453;BIDVEST
10874;CAPRI SUN 20cl;NOURRITURE SEC;TVA 3 (ii);;3.000000;40.000000;1.000000;10.070000;COLIS;PIECE;PIECE;9926;BIDVEST
10847;TOPPING SPECULOOS;NOURRITURE SEC;TVA 3 (ii);;3.000000;1.000000;750.000000;3.390000;COLIS;SACHET;GRAMME;9835;BIDVEST
11870;SIROP 1L SHK MANGO;NOURRITURE SEC;TVA 3 (ii);;3.000000;1.000000;100.000000;3.580000;COLIS;PIECE;CENTILITRE;1750;BIDVEST
11232;SIROP SHK VANILLE 2L;NOURRITURE SEC;TVA 3 (ii);;3.000000;6.000000;200.000000;36.360000;COLIS;PIECE;CENTILITRE;264;BIDVEST
11235;CORNET GLACE 2014;NOURRITURE SEC;TVA 3 (ii);;3.000000;160.000000;1.000000;6.200000;COLIS;PIECE;PIECE;268;BIDVEST
11236;MM JUS DE POMMES;NOURRITURE SEC;TVA 3 (ii);;3.000000;32.000000;1.000000;11.420000;COLIS;PIECE;PIECE;316;BIDVEST
11260;TOPPING NOIS.CARAM;NOURRITURE SEC;TVA 3 (ii);;3.000000;6.000000;500.000000;33.930000;COLIS;PIECE;GRAMME;218;BIDVEST
11263;NAP.SQZ CHOCO 2014;NOURRITURE SEC;TVA 3 (ii);;3.000000;6.000000;650.000000;17.260000;COLIS;PIECE;GRAMME;422;BIDVEST
