DivisionID;Item Name;ItemID;ID de Recette;ID Item Inv si pas recette;Code PLU;
10033;[BREAKFAST MAX;14544;NULL;NULL;M000;
10033;[BREAKFAST MAX;14544;NULL;NULL;M000;
10033;[BREAKFAST MAX;14544;NULL;NULL;M000;
10033;[BREAKFAST MAX;14544;NULL;NULL;M000;
10033;[BREAKFAST MAX;14544;NULL;NULL;M000;
10033;[BREAKFAST MAX;14544;NULL;NULL;M000;
10033;[BREAKFAST MAX;14544;NULL;NULL;M000;
10033;[BREAKFAST MAX;14544;NULL;NULL;M000;
10033;[BREAKFAST MAX;14544;NULL;NULL;M000;
10033;[BREAKFAST MAX;14544;NULL;NULL;M000;
10033;[BREAKFAST MAX;14544;NULL;NULL;M000;
10033;[BREAKFAST MAX;14544;NULL;NULL;M000;
10033;[BREAKFAST MAX;14544;NULL;NULL;M000;
10033;[BREAKFAST MAX;14544;NULL;NULL;M000;
10033;[BREAKFAST MAX;14544;NULL;NULL;M000;
10033;[BREAKFAST MAX;14544;NULL;NULL;M000;
10033;[BREAKFAST MAX;14544;NULL;NULL;M000;
10033;[BREAKFAST MAX;14544;NULL;NULL;M000;
10033;[BREAKFAST MAX;14544;NULL;NULL;M000;
10033;[BREAKFAST MAX;14544;NULL;NULL;M000;
10033;[BREAKFAST MAX;14544;NULL;NULL;M000;
10033;[BREAKFAST MAX;14544;NULL;NULL;M000;
10033;[BREAKFAST MAX;14544;NULL;NULL;M000;
10033;[BREAKFAST MAX;14544;NULL;NULL;M000;
10033;[BREAKFAST MAX;14544;NULL;NULL;M000;
10033;[BREAKFAST MAX;14544;NULL;NULL;M000;
10033;[BREAKFAST MAX;14544;NULL;NULL;M000;
10033;[BREAKFAST MAX;14544;NULL;NULL;M000;
10033;[BREAKFAST MAX;14544;NULL;NULL;M000;
10033;[BREAKFAST MAX;14544;NULL;NULL;M000;
10033;[BREAKFAST MAX;14544;NULL;NULL;M000;
10033;[BREAKFAST MAX;14544;NULL;NULL;M000;
10033;[BREAKFAST MAX;14544;NULL;NULL;M000;
10033;[BREAKFAST MAX;14544;NULL;NULL;M000;
10033;[BREAKFAST MAX;14544;NULL;NULL;M000;
10033;[BREAKFAST MAX;14544;NULL;NULL;M000;
10033;[BREAKFAST MAX;14544;NULL;NULL;M000;
10033;[BREAKFAST MAX;14544;NULL;NULL;M000;
10033;[BREAKFAST MAX;14256;NULL;NULL;M000;
10033;[BREAKFAST MAX;14544;NULL;NULL;M000;
10033;[BREAKFAST MAX;14544;NULL;NULL;M000;
10033;[BREAKFAST MAX;14256;NULL;NULL;M000;
10033;[BREAKFAST MAX;14256;NULL;NULL;M000;
10033;[BREAKFAST MAX;14256;NULL;NULL;M000;
10033;[BREAKFAST MAX;14256;NULL;NULL;M000;
10033;[BREAKFAST MAX;14256;NULL;NULL;M000;
10033;[BREAKFAST MAX;14256;NULL;NULL;M000;
10033;[BREAKFAST MAX;14256;NULL;NULL;M000;
10033;[BREAKFAST MAX;14256;NULL;NULL;M000;
10033;[BREAKFAST MAX;14256;NULL;NULL;M000;
10033;[BREAKFAST MAX;14256;NULL;NULL;M000;
10033;[BREAKFAST MAX;14256;NULL;NULL;M000;
10033;[BREAKFAST MAX;14256;NULL;NULL;M000;
10033;[BREAKFAST MAX;14256;NULL;NULL;M000;
10033;[BREAKFAST MAX;14256;NULL;NULL;M000;
10033;[BREAKFAST MAX;14256;NULL;NULL;M000;
10033;[BREAKFAST MAX;14256;NULL;NULL;M000;
10033;[BREAKFAST MAX;14256;NULL;NULL;M000;
10033;[BREAKFAST MAX;14256;NULL;NULL;M000;
10033;[BREAKFAST MAX;14256;NULL;NULL;M000;
10033;[BREAKFAST MAX;14256;NULL;NULL;M000;
10033;[BREAKFAST MAX;14256;NULL;NULL;M000;
10033;[BREAKFAST MAX;14256;NULL;NULL;M000;
10033;[BREAKFAST MAX;14256;NULL;NULL;M000;
10033;[BREAKFAST MAX;14256;NULL;NULL;M000;
10033;[BREAKFAST MAX;14256;NULL;NULL;M000;
10033;[BREAKFAST MAX;14256;NULL;NULL;M000;
10033;[BREAKFAST MAX;14256;NULL;NULL;M000;
10033;[BREAKFAST MAX;14256;NULL;NULL;M000;
10033;[BREAKFAST MAX;14256;NULL;NULL;M000;
10033;[BREAKFAST MAX;14256;NULL;NULL;M000;
10033;[BREAKFAST MAX;14256;NULL;NULL;M000;
10033;[BREAKFAST MAX;14256;NULL;NULL;M000;
10033;[BREAKFAST MAX;14256;NULL;NULL;M000;
10033;[BREAKFAST MAX;14256;NULL;NULL;M000;
10033;[BREAKFAST MAX;14256;NULL;NULL;M000;
10033;[BREAKFAST MAX;14256;NULL;NULL;M000;
10033;[BREAKFAST MAX;14256;NULL;NULL;M000;
10033;[BREAKFAST MAX;14256;NULL;NULL;M000;
10033;[BREAKFAST MAX;14256;NULL;NULL;M000;
10033;[BREAKFAST MAX;NULL;NULL;NULL;M000;
10033;[BREAKFAST MAX;NULL;NULL;NULL;M000;
10033;[BREAKFAST MAX;NULL;NULL;NULL;M000;
10033;[BREAKFAST MAX;NULL;NULL;NULL;M000;
10033;[BREAKFAST MAX;NULL;NULL;NULL;M000;
10033;[BREAKFAST MAX;NULL;NULL;NULL;M000;
10033;[BREAKFAST MAX;NULL;NULL;NULL;M000;
10033;[BREAKFAST MAX;NULL;NULL;NULL;M000;
10018;[AMERICANO SBC;14820;10217;NULL;PCXG;
10018;[AMERICANO SBC;NULL;NULL;NULL;PCXG;
10031;[ANDALOUSE MAX;14790;10212;NULL;PCZC;
10031;[ANDALOUSE MAX;NULL;NULL;NULL;PCZC;
10031;[ANDALOUSE MAX MT;14791;10212;NULL;PCZC;
10031;[ANDALOUSE MAX MT;NULL;NULL;NULL;PCZC;
10030;[ANDROS_DOT;14474;NULL;10363;P855;
10030;[ANDROS_DOT;NULL;NULL;NULL;P855;
10017;[ATLANTIQ SALAD;14122;10073;NULL;PBJM;
10017;[ATLANTIQ SALAD;NULL;NULL;NULL;PBJM;
10033;[BAGEL BACON;14540;10070;NULL;PBIH;
10033;[BAGEL BACON;NULL;NULL;NULL;PBIH;
10010;[BEEF ANDALOUSE  ;14497;10154;NULL;PBDR;
10010;[BEEF ANDALOUSE  ;NULL;NULL;NULL;PBDR;
10010;[BEEF ANDALOUSE MT;14498;10154;NULL;PBDR;
10010;[BEEF ANDALOUSE MT;NULL;NULL;NULL;PBDR;
10031;[BEEF CHEDDAR;14658;10194;NULL;PCTC;
10031;[BEEF CHEDDAR;NULL;NULL;NULL;PCTC;
10031;[BEEF CHEDDAR MT;14659;10194;NULL;PCTC;
10031;[BEEF CHEDDAR MT;NULL;NULL;NULL;PCTC;
10010;[BEEF CURRY KET MT ;14559;10167;NULL;PBGT;
10010;[BEEF CURRY KET MT ;NULL;NULL;NULL;PBGT;
10010;[BEEF CURRY KETCHUP;14563;10167;NULL;PBGT;
10010;[BEEF CURRY KETCHUP;NULL;NULL;NULL;PBGT;
10010;[BEEF HOLIDAY ;14597;10175;NULL;PBIN;
10010;[BEEF HOLIDAY ;NULL;NULL;NULL;PBIN;
10010;[BEEF HOLIDAY MT ;14598;10175;NULL;PBIN;
10010;[BEEF HOLIDAY MT ;NULL;NULL;NULL;PBIN;
10031;[BEEF PEPPERONI;14576;10171;NULL;PCND;
10031;[BEEF PEPPERONI;NULL;NULL;NULL;PCND;
10031;[BEEF PEPPERONI MT;14577;10171;NULL;PCND;
10031;[BEEF PEPPERONI MT;NULL;NULL;NULL;PCND;
10010;[BEEF PRIMAVERA;14589;10154;NULL;PCAH;
10010;[BEEF PRIMAVERA;14589;10172;NULL;PCAH;
10010;[BEEF PRIMAVERA;NULL;NULL;NULL;PCAH;
10010;[BEEF PRIMAVERA MT;14590;10154;NULL;PCAH;
10010;[BEEF PRIMAVERA MT;14590;10172;NULL;PCAH;
10010;[BEEF PRIMAVERA MT;NULL;NULL;NULL;PCAH;
10010;[BEEF SWEET CURRY;14449;10148;NULL;PCBC;
10010;[BEEF SWEET CURRY;NULL;NULL;NULL;PCBC;
10010;[BEEF SWEET CURRY MT;14450;10148;NULL;PCBC;
10010;[BEEF SWEET CURRY MT;NULL;NULL;NULL;PCBC;
10033;[BEURRE;14538;NULL;10297;PBJJ;
10033;[BEURRE;NULL;NULL;NULL;PBJJ;
10033;[BEURRE FREE;14627;NULL;10297;PBJJ;
10033;[BEURRE FREE;NULL;NULL;NULL;PBJJ;
10007;[BIERE CAN 33cl_DOT ;14366;10033;NULL;P426;
10007;[BIERE CAN 33cl_DOT ;NULL;NULL;NULL;P426;
10032;[BIERE CAN 33Max_DOT;14496;10033;NULL;P426;
10032;[BIERE CAN 33Max_DOT;NULL;NULL;NULL;P426;
10007;[BIERE FUT 33cl_DOT ;14365;10033;NULL;P425;
10007;[BIERE FUT 33cl_DOT ;NULL;NULL;NULL;P425;
10033;[BREAKFAST MAX;14544;NULL;NULL;M000;
10033;[BREAKFAST MAX;14256;NULL;NULL;M000;
10033;[BREAKFAST MAX;NULL;NULL;NULL;M000;
10018;[CAPPUCCINO SBC;14821;10219;NULL;PCXI;
10018;[CAPPUCCINO SBC;NULL;NULL;NULL;PCXI;
10036;[CAPRI SUN_DOT ;14467;NULL;10926;PCIW;
10036;[CAPRI SUN_DOT ;NULL;NULL;NULL;PCIW;
10031;[CHEESE MAX;14665;10197;NULL;PCSZ;
10031;[CHEESE MAX;NULL;NULL;NULL;PCSZ;
10031;[CHEESE MAX MT ;14666;10197;NULL;PCSZ;
10031;[CHEESE MAX MT ;NULL;NULL;NULL;PCSZ;
10031;[CHEESE N TOAST;15095;10284;NULL;PDGJ;
10031;[CHEESE N TOAST MT;15096;10284;NULL;PDGJ;
10038;[CHEESE N TOAST STUD;15097;10284;NULL;PDGJ;
10006;[CHEESY BOUR POI/20;14368;10125;NULL;PBZX;
10006;[CHEESY BOUR POI/20;NULL;NULL;NULL;PBZX;
10006;[CHEESY BOUR POI/6;14367;10126;NULL;PBZW;
10006;[CHEESY BOUR POI/6;14367;10082;NULL;PBZW;
10006;[CHEESY BOUR POI/6;NULL;NULL;NULL;PBZW;
10006;[CHEESY BOURSIN 20;14105;10083;NULL;PBRP;
10006;[CHEESY BOURSIN 20;NULL;NULL;NULL;PBRP;
10006;[CHEESY BOURSIN 6;14104;10082;NULL;PBRO;
10006;[CHEESY BOURSIN 6;NULL;NULL;NULL;PBRO;
10006;[CHEESY DONUT X3;14599;10176;NULL;PCOW;
10006;[CHEESY DONUT X3;NULL;NULL;NULL;PCOW;
10006;[CHEESY DONUT X8;14600;10177;NULL;PCOX;
10006;[CHEESY DONUT X8;NULL;NULL;NULL;PCOX;
10006;[CHEESY LVQR/20;14561;10165;NULL;PCKW;
10006;[CHEESY LVQR/20;NULL;NULL;NULL;PCKW;
10006;[CHEESY LVQR/6;14562;10166;NULL;PCKV;
10006;[CHEESY LVQR/6;NULL;NULL;NULL;PCKV;
10006;[CHEESY SALSA/3;14416;10137;NULL;PCBF;
10006;[CHEESY SALSA/3;NULL;NULL;NULL;PCBF;
10006;[CHEESY SALSA/8;14417;10138;NULL;PCBG;
10006;[CHEESY SALSA/8;NULL;NULL;NULL;PCBG;
10006;[CHEESY STAR/10;14344;10119;NULL;PBYK;
10006;[CHEESY STAR/10;NULL;NULL;NULL;PBYK;
10006;[CHEESY STAR/3;14345;10120;NULL;PBYJ;
10006;[CHEESY STAR/3;14345;10119;NULL;PBYJ;
10006;[CHEESY STAR/3;NULL;NULL;NULL;PBYJ;
10006;[CHEESY STAR/3 MB;14346;10120;NULL;PBYJ;
10006;[CHEESY STAR/3 MB;14346;10119;NULL;PBYJ;
10006;[CHEESY STAR/3 MB;NULL;NULL;NULL;PBYJ;
10006;[CHEESY/20;14664;10196;NULL;PCLE;
10006;[CHEESY/20;NULL;NULL;NULL;PCLE;
10031;[CHKN FORMAGGIO;14587;10170;NULL;PCNU;
10031;[CHKN FORMAGGIO;NULL;NULL;NULL;PCNU;
10031;[CHKN FORMAGGIO MT;14588;10170;NULL;PCNU;
10031;[CHKN FORMAGGIO MT;NULL;NULL;NULL;PCNU;
10012;[CL CHICK MIEL M_MT;14338;10113;NULL;PBWM;
10012;[CL CHICK MIEL M_MT;NULL;NULL;NULL;PBWM;
10031;[CLUB CHEVRE BIO;14094;10084;NULL;PBRS;
10031;[CLUB CHEVRE BIO;NULL;NULL;NULL;PBRS;
10031;[CLUB CHEVRE BIO MT;14324;10084;NULL;PBRS;
10031;[CLUB CHEVRE BIO MT;NULL;NULL;NULL;PBRS;
10012;[CLUB CHIC MIEL MOUT;14340;10113;NULL;PBWM;
10012;[CLUB CHIC MIEL MOUT;NULL;NULL;NULL;PBWM;
10012;[CLUB SAMOURAI;14095;10085;NULL;PBTJ;
10012;[CLUB SAMOURAI;NULL;NULL;NULL;PBTJ;
10012;[CLUB SAMOURAI MT;14323;10085;NULL;PBTJ;
10012;[CLUB SAMOURAI MT;NULL;NULL;NULL;PBTJ;
10031;[CLUB TOM MOZZA BIO;14377;10127;NULL;PBMZ;
10031;[CLUB TOM MOZZA BIO;NULL;NULL;NULL;PBMZ;
10031;[CLUB TOM MOZZA MT;14378;10127;NULL;PBMZ;
10031;[CLUB TOM MOZZA MT;NULL;NULL;NULL;PBMZ;
10001;[COCKTAIL;14114;NULL;10317;PBIQ;
10001;[COCKTAIL;NULL;NULL;NULL;PBIQ;
10001;[COCKTAIL FREE;14613;NULL;10317;PBIQ;
10001;[COCKTAIL FREE;NULL;NULL;NULL;PBIQ;
10018;[COFFEE LONG SBC;14822;10220;NULL;PCXE;
10018;[COFFEE LONG SBC;NULL;NULL;NULL;PCXE;
10004;[COKE MAXI_DOT ;14476;10021;NULL;P401;
10004;[COKE MAXI_DOT ;NULL;NULL;NULL;P401;
10003;[COKE MED_DOT ;14477;10022;NULL;P402;
10003;[COKE MED_DOT ;NULL;NULL;NULL;P402;
10002;[COKE SMALL_DOT;14475;10023;NULL;P403;
10002;[COKE SMALL_DOT;NULL;NULL;NULL;P403;
10017;[COLD CLASSI CKN SAL;14121;10075;NULL;PBJO;
10017;[COLD CLASSI CKN SAL;NULL;NULL;NULL;PBJO;
10033;[CONFITURE         .;14539;NULL;10301;PBJI;
10033;[CONFITURE         .;NULL;NULL;NULL;PBJI;
10033;[CONFITURE FREE    .;14628;NULL;10301;PBJI;
10033;[CONFITURE FREE    .;NULL;NULL;NULL;PBJI;
10030;[CORNET_DOT;14493;10040;NULL;P711;
10030;[CORNET_DOT;NULL;NULL;NULL;P711;
10031;[CRISPY ANDALOUSE;14375;10124;NULL;PBZI;
10031;[CRISPY ANDALOUSE;NULL;NULL;NULL;PBZI;
10031;[CRISPY ANDALOUSE MT;14376;10124;NULL;PBZI;
10031;[CRISPY ANDALOUSE MT;NULL;NULL;NULL;PBZI;
10031;[CRISPY BAC BEEF;14641;10186;NULL;PCSH;
10031;[CRISPY BAC BEEF;NULL;NULL;NULL;PCSH;
10031;[CRISPY BAC BEEF MT;14640;10186;NULL;PCSH;
10031;[CRISPY BAC BEEF MT;NULL;NULL;NULL;PCSH;
10031;[CRISPY BAC CHK;14639;10187;NULL;PCSI;
10031;[CRISPY BAC CHK;NULL;NULL;NULL;PCSI;
10031;[CRISPY BAC CHK MT;14634;10187;NULL;PCSI;
10031;[CRISPY BAC CHK MT;NULL;NULL;NULL;PCSI;
10012;[CRISPY BACON;14501;10160;NULL;PCJJ;
10012;[CRISPY BACON;NULL;NULL;NULL;PCJJ;
10012;[CRISPY BACON MT;14503;10160;NULL;PCJJ;
10012;[CRISPY BACON MT;NULL;NULL;NULL;PCJJ;
10006;[CRISPY CHEESY/6;14663;10195;NULL;PCKT;
10006;[CRISPY CHEESY/6;NULL;NULL;NULL;PCKT;
10012;[CRISPY CHILI CH MT;14504;10159;NULL;PCJI;
10012;[CRISPY CHILI CH MT;NULL;NULL;NULL;PCJI;
10012;[CRISPY CHILI CHEESE;14502;10159;NULL;PCJI;
10012;[CRISPY CHILI CHEESE;NULL;NULL;NULL;PCJI;
10034;[CROISSANT;14541;10092;NULL;PPAQ;
10034;[CROISSANT;NULL;NULL;NULL;PPAQ;
10001;[CUP BRAZIL ;14686;NULL;11364;PCUT;
10001;[CUP BRAZIL ;NULL;NULL;NULL;PCUT;
10001;[CUP BRAZIL FREE ;14687;NULL;11364;PCUT;
10001;[CUP BRAZIL FREE ;NULL;NULL;NULL;PCUT;
10031;[DARK BURGER;14347;10121;NULL;PBYH;
10031;[DARK BURGER;NULL;NULL;NULL;PBYH;
10031;[DARK BURGER MT;14349;10121;NULL;PBYH;
10031;[DARK BURGER MT;NULL;NULL;NULL;PBYH;
10003;[EAU PET. 33CL_DOT ;14402;NULL;NULL;PNAC;
10003;[EAU PET. 33CL_DOT ;NULL;NULL;NULL;PNAC;
10036;[EAU PET. SMA_DOT;14448;10114;NULL;PNAC;
10036;[EAU PET. SMA_DOT;NULL;NULL;NULL;PNAC;
10004;[EAU PET.50_DOT;14438;10097;NULL;PPBX;
10004;[EAU PET.50_DOT;NULL;NULL;NULL;PPBX;
10003;[EAU PLATE 33CL_DOT ;14400;10052;NULL;P896;
10003;[EAU PLATE 33CL_DOT ;NULL;NULL;NULL;P896;
10004;[EAU PLATE 50CL_DOT ;14401;10053;NULL;P897;
10004;[EAU PLATE 50CL_DOT ;NULL;NULL;NULL;P897;
10036;[EAU PLATE SMAL_DOT ;14439;10052;NULL;P896;
10036;[EAU PLATE SMAL_DOT ;NULL;NULL;NULL;P896;
10018;[ESPRESSO SBC;14823;10221;NULL;PCXF;
10018;[ESPRESSO SBC;NULL;NULL;NULL;PCXF;
10031;[EXTRA BACON;14548;10162;NULL;PCKP;
10031;[EXTRA BACON;NULL;NULL;NULL;PCKP;
10031;[EXTRA BACON MT;14549;10162;NULL;PCKP;
10031;[EXTRA BACON MT;NULL;NULL;NULL;PCKP;
10031;[EXTRA CHEESE;14553;10163;NULL;PCKQ;
10031;[EXTRA CHEESE;NULL;NULL;NULL;PCKQ;
10031;[EXTRA CHEESE MT;14554;10163;NULL;PCKQ;
10031;[EXTRA CHEESE MT;NULL;NULL;NULL;PCKQ;
10004;[FANTA MAXI_DOT ;14478;10027;NULL;P414;
10004;[FANTA MAXI_DOT ;NULL;NULL;NULL;P414;
10003;[FANTA MED_DOT ;14479;10028;NULL;P415;
10003;[FANTA MED_DOT ;NULL;NULL;NULL;P415;
10002;[FANTA SMALL_DOT;14480;10029;NULL;P416;
10002;[FANTA SMALL_DOT;NULL;NULL;NULL;P416;
10014;[FORM + TOAST      .;14789;NULL;NULL;M000;
10014;[FORM + TOAST      .;NULL;NULL;NULL;M000;
10030;[FUNNY FRUIT_DOT;14491;NULL;11168;PCIL;
10030;[FUNNY FRUIT_DOT;NULL;NULL;NULL;PCIL;
10031;[GIANT MAX CHK;14698;10207;NULL;PCOC;
10031;[GIANT MAX CHK;NULL;NULL;NULL;PCOC;
10031;[GIANT MAX CHK MT;14699;10207;NULL;PCOC;
10031;[GIANT MAX CHK MT;NULL;NULL;NULL;PCOC;
10031;[GIANT MAX SPICY;14693;10206;NULL;PCVT;
10031;[GIANT MAX SPICY;NULL;NULL;NULL;PCVT;
10031;[GIANT MAX SPICY MT;14694;10206;NULL;PCVT;
10031;[GIANT MAX SPICY MT;NULL;NULL;NULL;PCVT;
10031;[GIANT MITRAILETTE;14615;10182;NULL;PCRW;
10031;[GIANT MITRAILETTE;NULL;NULL;NULL;PCRW;
10027;[GOODIE LUNETTES;14690;NULL;11365;PCVW;
10027;[GOODIE LUNETTES;NULL;NULL;NULL;PCVW;
10027;[GOODIE STICK;14691;NULL;11366;PCVV;
10027;[GOODIE STICK;NULL;NULL;NULL;PCVV;
10031;[HOMER BURGER;14595;10174;NULL;PCOY;
10031;[HOMER BURGER;NULL;NULL;NULL;PCOY;
10031;[HOMER BURGER MT;14596;10174;NULL;PCOY;
10031;[HOMER BURGER MT;NULL;NULL;NULL;PCOY;
10031;[HOT CHICKEN MT;14682;10203;NULL;PCUN;
10031;[HOT CHICKEN MT;NULL;NULL;NULL;PCUN;
10018;[HOT CHOCOLATE SBC;14825;10218;NULL;PCXM;
10018;[HOT CHOCOLATE SBC;NULL;NULL;NULL;PCXM;
10017;[HOT CLASSIQ CKN SAL;14120;10074;NULL;PBJN;
10017;[HOT CLASSIQ CKN SAL;NULL;NULL;NULL;PBJN;
10031;[HOT'N FRESH;14411;10135;NULL;PCBB;
10031;[HOT'N FRESH;NULL;NULL;NULL;PCBB;
10031;[HOT'N FRESH MT;14412;10135;NULL;PCBB;
10031;[HOT'N FRESH MT;NULL;NULL;NULL;PCBB;
10031;[INTENSE RACLETTE;14528;10161;NULL;PCKI;
10031;[INTENSE RACLETTE;NULL;NULL;NULL;PCKI;
10031;[INTENSE RACLETTE MT;14529;10161;NULL;PCKI;
10031;[INTENSE RACLETTE MT;NULL;NULL;NULL;PCKI;
10031;[JEDI BURGER;14348;10122;NULL;PBYI;
10031;[JEDI BURGER;NULL;NULL;NULL;PBYI;
10031;[JEDI BURGER MT;14350;10122;NULL;PBYI;
10031;[JEDI BURGER MT;NULL;NULL;NULL;PBYI;
10036;[JUS POMME BIO20_DOT;14403;NULL;10347;PBHX;
10036;[JUS POMME BIO20_DOT;NULL;NULL;NULL;PBHX;
10018;[LATTE CAR SBC;14824;10222;NULL;PCXL;
10018;[LATTE CAR SBC;NULL;NULL;NULL;PCXL;
10018;[LATTE SBC;14826;10224;NULL;PCXH ;
10018;[LATTE SBC;NULL;NULL;NULL;PCXH ;
10018;[LATTE VAN SBC;14827;10223;NULL;PCXK;
10018;[LATTE VAN SBC;NULL;NULL;NULL;PCXK;
10004;[LIGHT MAXI_DOT ;14481;10024;NULL;P411;
10004;[LIGHT MAXI_DOT ;NULL;NULL;NULL;P411;
10003;[LIGHT MED_DOT ;14482;10025;NULL;P412;
10003;[LIGHT MED_DOT ;NULL;NULL;NULL;P412;
10002;[LIGHT SMALL_DOT;14483;10026;NULL;P413;
10002;[LIGHT SMALL_DOT;NULL;NULL;NULL;P413;
10036;[M.MAID 20CL_DOT ;14494;NULL;10198;PNAN;
10036;[M.MAID 20CL_DOT ;NULL;NULL;NULL;PNAN;
10003;[M.MAID 33CL_DOT;14442;10088;NULL;PNAO;
10003;[M.MAID 33CL_DOT;NULL;NULL;NULL;PNAO;
10004;[M.MAID MAX_DOT;14443;10088;NULL;PNAO;
10004;[M.MAID MAX_DOT;NULL;NULL;NULL;PNAO;
10014;[MAX CHEESE MAX    .;14667;NULL;NULL;M000;
10014;[MAX CHEESE MAX    .;NULL;NULL;NULL;M000;
10014;[MAX CHEESE N TOAST.;15098;NULL;NULL;M000;
10014;[MAX CRISPY CHILI C.;14506;NULL;NULL;M000;
10014;[MAX CRISPY CHILI C.;NULL;NULL;NULL;M000;
10014;[MAX GIANT MAX CHK .;14701;NULL;NULL;M000;
10014;[MAX GIANT MAX CHK .;NULL;NULL;NULL;M000;
10014;[MAX GIANT MAX SPIC.;14696;NULL;NULL;M000;
10014;[MAX GIANT MAX SPIC.;NULL;NULL;NULL;M000;
10014;[MAX MEGA MX BQ BC .;14803;NULL;NULL;M000;
10014;[MAX MEGA MX BQ BC .;NULL;NULL;NULL;M000;
10014;[MAX MEGA MX GIANT .;14890;NULL;NULL;M000;
10014;[MAX MEGA MX GIANT .;NULL;NULL;NULL;M000;
10014;[MAX SUPREME PEPPE .;14200;NULL;NULL;M000;
10014;[MAX SUPREME PEPPE .;NULL;NULL;NULL;M000;
10009;[MAXI PRALINE;14136;10093;NULL;PPBI;
10009;[MAXI PRALINE;NULL;NULL;NULL;PPBI;
10016;[MB CHEESY STAR/3;14354;10101;NULL;M000;
10016;[MB CHEESY STAR/3;NULL;NULL;NULL;M000;
10013;[MED CHEESE MAX    .;14668;NULL;NULL;M000;
10013;[MED CHEESE MAX    .;NULL;NULL;NULL;M000;
10013;[MED CHEESE N TOAST.;15099;NULL;NULL;M000;
10013;[MED CRISPY CHILI CH;14508;NULL;NULL;M000;
10013;[MED CRISPY CHILI CH;NULL;NULL;NULL;M000;
10013;[MED GIANT MAX CHK .;14702;NULL;NULL;M000;
10013;[MED GIANT MAX CHK .;NULL;NULL;NULL;M000;
10013;[MED GIANT MAX SPIC.;14697;NULL;NULL;M000;
10013;[MED GIANT MAX SPIC.;NULL;NULL;NULL;M000;
10013;[MED MEGA MX BQ BC .;14804;NULL;NULL;M000;
10013;[MED MEGA MX BQ BC .;NULL;NULL;NULL;M000;
10013;[MED MEGA MX GIANT .;14891;NULL;NULL;M000;
10013;[MED MEGA MX GIANT .;NULL;NULL;NULL;M000;
10021;[MED STUD CHEESE NT.;15101;NULL;NULL;M000;
10021;[MED STUD MEGA M BQ.;14817;NULL;NULL;M000;
10021;[MED STUD MEGA M BQ.;NULL;NULL;NULL;M000;
10021;[MED STUD MEGA MX G.;14892;NULL;NULL;M000;
10021;[MED STUD MEGA MX G.;NULL;NULL;NULL;M000;
10021;[MED STUD TOAST    .;14752;NULL;NULL;M000;
10021;[MED STUD TOAST    .;NULL;NULL;NULL;M000;
10013;[MED SUPREME CHICK .;14182;NULL;NULL;M000;
10013;[MED SUPREME CHICK .;NULL;NULL;NULL;M000;
10013;[MED SUPREME PEPPER.;14181;NULL;NULL;M000;
10013;[MED SUPREME PEPPER.;NULL;NULL;NULL;M000;
10031;[MEGA MAX BBQ BC;14800;10213;NULL;PCXD;
10031;[MEGA MAX BBQ BC;NULL;NULL;NULL;PCXD;
10031;[MEGA MAX BBQ BC MT;14801;10213;NULL;PCXD;
10031;[MEGA MAX BBQ BC MT;NULL;NULL;NULL;PCXD;
10031;[MEGA MAX GIANT;14886;10248;NULL;P05A;
10031;[MEGA MAX GIANT;NULL;NULL;NULL;P05A;
10031;[MEGA MAX GIANT MT;14887;10248;NULL;P05A;
10031;[MEGA MAX GIANT MT;NULL;NULL;NULL;P05A;
10038;[MEGA MX BBQ BC STUD;14816;10213;NULL;PCXD;
10038;[MEGA MX BBQ BC STUD;NULL;NULL;NULL;PCXD;
10038;[MEGA MX GIANT STUD;14888;10248;NULL;P05A;
10038;[MEGA MX GIANT STUD;NULL;NULL;NULL;P05A;
10030;[MINI YOP_DOT;14492;NULL;11651;P573;
10030;[MINI YOP_DOT;NULL;NULL;NULL;P573;
10009;[MIX MANIA;14447;10142;NULL;PCHV;
10009;[MIX MANIA;NULL;NULL;NULL;PCHV;
10009;[MIX MANIA CUBERD;14145;10078;NULL;PBRD;
10009;[MIX MANIA CUBERD;NULL;NULL;NULL;PBRD;
10035;[MIX'N FRUIT CUP;14123;NULL;10356;PBIB;
10035;[MIX'N FRUIT CUP;NULL;NULL;NULL;PBIB;
10018;[MOCHA SBC;14828;10226;NULL;PCXJ;
10018;[MOCHA SBC;NULL;NULL;NULL;PCXJ;
10025;[MOK BEEF HOLIDAY  .;14609;NULL;NULL;M000;
10025;[MOK BEEF HOLIDAY  .;NULL;NULL;NULL;M000;
10020;[MT B CURRY KETCH  .;14564;NULL;NULL;M000;
10020;[MT B CURRY KETCH  .;NULL;NULL;NULL;M000;
10020;[MT B. ANDALOUSE   .;14500;NULL;NULL;M000;
10020;[MT B. ANDALOUSE   .;NULL;NULL;NULL;M000;
10020;[MT BEEF CHEDDAR  . ;14660;NULL;NULL;M000;
10020;[MT BEEF CHEDDAR  . ;NULL;NULL;NULL;M000;
10020;[MT BEEF HOLIDAY   .;14608;NULL;NULL;M000;
10020;[MT BEEF HOLIDAY   .;NULL;NULL;NULL;M000;
10020;[MT BEEF PEPPERONI .;14578;NULL;NULL;M000;
10020;[MT BEEF PEPPERONI .;NULL;NULL;NULL;M000;
10020;[MT BEEF PRIMAVERA .;14585;NULL;NULL;M000;
10020;[MT BEEF PRIMAVERA .;NULL;NULL;NULL;M000;
10020;[MT CHEESE DELICE  .;14637;NULL;NULL;M000;
10020;[MT CHEESE DELICE  .;NULL;NULL;NULL;M000;
10020;[MT CHEESE MAX     .;14669;NULL;NULL;M000;
10020;[MT CHEESE MAX     .;NULL;NULL;NULL;M000;
10020;[MT CHEESE N TOAST .;15100;NULL;NULL;M000;
10020;[MT CHKN FORMAGGIO .;14579;NULL;NULL;M000;
10020;[MT CHKN FORMAGGIO .;NULL;NULL;NULL;M000;
10020;[MT CL CH MIEL MOUT.;14342;NULL;NULL;M000;
10020;[MT CL CH MIEL MOUT.;NULL;NULL;NULL;M000;
10020;[MT CLUB CHEVR BIO .;14222;NULL;NULL;M000;
10020;[MT CLUB CHEVR BIO .;NULL;NULL;NULL;M000;
10020;[MT CLUB SAMURAI   .;14230;NULL;NULL;M000;
10020;[MT CLUB SAMURAI   .;NULL;NULL;NULL;M000;
10020;[MT CLUB TOM MOZZ  .;14373;NULL;NULL;M000;
10020;[MT CLUB TOM MOZZ  .;NULL;NULL;NULL;M000;
10020;[MT CRISPY ANDALOUSE;14374;NULL;NULL;M000;
10020;[MT CRISPY ANDALOUSE;NULL;NULL;NULL;M000;
10020;[MT CRISPY BAC BEE .;14646;NULL;NULL;M000;
10020;[MT CRISPY BAC BEE .;NULL;NULL;NULL;M000;
10020;[MT CRISPY BAC CHK .;14647;NULL;NULL;M000;
10020;[MT CRISPY BAC CHK .;NULL;NULL;NULL;M000;
10020;[MT CRISPY BACON   .;14509;NULL;NULL;M000;
10020;[MT CRISPY BACON   .;NULL;NULL;NULL;M000;
10020;[MT CRISPY CHILI CH.;14510;NULL;NULL;M000;
10020;[MT CRISPY CHILI CH.;NULL;NULL;NULL;M000;
10020;[MT DARK BURGER    .;14355;NULL;NULL;M000;
10020;[MT DARK BURGER    .;NULL;NULL;NULL;M000;
10020;[MT EXTRA BACON    .;14552;NULL;NULL;M000;
10020;[MT EXTRA BACON    .;NULL;NULL;NULL;M000;
10020;[MT EXTRA CHEESE   .;14557;NULL;NULL;M000;
10020;[MT EXTRA CHEESE   .;NULL;NULL;NULL;M000;
10020;[MT GIANT MAX CHK  .;14700;NULL;NULL;M000;
10020;[MT GIANT MAX CHK  .;NULL;NULL;NULL;M000;
10020;[MT GIANT MAX SPIC .;14695;NULL;NULL;M000;
10020;[MT GIANT MAX SPIC .;NULL;NULL;NULL;M000;
10020;[MT HAPPY PEPPER   .;14652;NULL;NULL;M000;
10020;[MT HAPPY PEPPER   .;NULL;NULL;NULL;M000;
10020;[MT HOMER BURGER   .;14605;NULL;NULL;M000;
10020;[MT HOMER BURGER   .;NULL;NULL;NULL;M000;
10020;[MT HOT CHICKEN    .;14685;NULL;NULL;M000;
10020;[MT HOT CHICKEN    .;NULL;NULL;NULL;M000;
10020;[MT HOT'N FRESH    .;14415;NULL;NULL;M000;
10020;[MT HOT'N FRESH    .;NULL;NULL;NULL;M000;
10020;[MT INTENS RACLETTE.;14532;NULL;NULL;M000;
10020;[MT INTENS RACLETTE.;NULL;NULL;NULL;M000;
10020;[MT JEDI BURGER    .;14356;NULL;NULL;M000;
10020;[MT JEDI BURGER    .;NULL;NULL;NULL;M000;
10020;[MT MEGA MX BQ BC  .;14802;NULL;NULL;M000;
10020;[MT MEGA MX BQ BC  .;NULL;NULL;NULL;M000;
10020;[MT MEGA MX GIANT  .;14889;NULL;NULL;M000;
10020;[MT MEGA MX GIANT  .;NULL;NULL;NULL;M000;
10020;[MT MERRY SAMOURAI .;14656;NULL;NULL;M000;
10020;[MT MERRY SAMOURAI .;NULL;NULL;NULL;M000;
10020;[MT SPICY WING     .;14234;NULL;NULL;M000;
10020;[MT SPICY WING     .;NULL;NULL;NULL;M000;
10020;[MT SUMMER BEEF    .;14408;NULL;NULL;M000;
10020;[MT SUMMER BEEF    .;NULL;NULL;NULL;M000;
10020;[MT SUPER ANDALOUS .;14571;NULL;NULL;M000;
10020;[MT SUPER ANDALOUS .;NULL;NULL;NULL;M000;
10020;[MT SUPER PEPPER   .;14302;NULL;NULL;M000;
10020;[MT SUPER PEPPER   .;NULL;NULL;NULL;M000;
10020;[MT SUPER SWISS    .;14300;NULL;NULL;M000;
10020;[MT SUPER SWISS    .;NULL;NULL;NULL;M000;
10020;[MT SUPREM CHICKEN .;14220;NULL;NULL;M000;
10020;[MT SUPREM CHICKEN .;NULL;NULL;NULL;M000;
10020;[MT SUPREM CLASSIQ .;14392;NULL;NULL;M000;
10020;[MT SUPREM CLASSIQ .;NULL;NULL;NULL;M000;
10020;[MT SUPREM EMMENT  .;14334;NULL;NULL;M000;
10020;[MT SUPREM EMMENT  .;NULL;NULL;NULL;M000;
10020;[MT SUPREME PEPPER .;14219;NULL;NULL;M000;
10020;[MT SUPREME PEPPER .;NULL;NULL;NULL;M000;
10008;[MUFFIN LEMON;14128;NULL;10298;PBFO;
10008;[MUFFIN LEMON;NULL;NULL;NULL;PBFO;
10021;[MX STUD CHEESE N T.;15102;NULL;NULL;M000;
10021;[MX STUD MEGA M BQ .;14818;NULL;NULL;M000;
10021;[MX STUD MEGA M BQ .;NULL;NULL;NULL;M000;
10021;[MX STUD MEGA MX G .;14893;NULL;NULL;M000;
10021;[MX STUD MEGA MX G .;NULL;NULL;NULL;M000;
10021;[MX+STUD CHEESE N T.;15103;NULL;NULL;M000;
10021;[MX+STUD MEGA M BQ .;14819;NULL;NULL;M000;
10021;[MX+STUD MEGA M BQ .;NULL;NULL;NULL;M000;
10021;[MX+STUD MEGA MX G .;14894;NULL;NULL;M000;
10021;[MX+STUD MEGA MX G .;NULL;NULL;NULL;M000;
10009;[NAPPAGE CARAMEL MM;14420;NULL;10267;PCID;
10009;[NAPPAGE CARAMEL MM;NULL;NULL;NULL;PCID;
10009;[NAPPAGE CHOCO MM;14421;NULL;10192;PCIE;
10009;[NAPPAGE CHOCO MM;NULL;NULL;NULL;PCIE;
10009;[NAPPAGE CUBERDON;14455;NULL;10377;PCIG;
10009;[NAPPAGE CUBERDON;NULL;NULL;NULL;PCIG;
10009;[NAPPAGE CUBERDON MM;14456;NULL;10377;PCIG;
10009;[NAPPAGE CUBERDON MM;NULL;NULL;NULL;PCIG;
10009;[NAPPAGE FRAISE MM ;14424;NULL;10830;PCIF;
10009;[NAPPAGE FRAISE MM ;NULL;NULL;NULL;PCIF;
10004;[NESTEA MAXI_DOT ;14386;10129;NULL;PBWT;
10004;[NESTEA MAXI_DOT ;NULL;NULL;NULL;PBWT;
10003;[NESTEA MED_DOT ;14388;10022;NULL;PBWS;
10003;[NESTEA MED_DOT ;14388;10130;NULL;PBWS;
10003;[NESTEA MED_DOT ;NULL;NULL;NULL;PBWS;
10002;[NESTEA SMALL_DOT ;14390;10131;NULL;PBWR;
10002;[NESTEA SMALL_DOT ;NULL;NULL;NULL;PBWR;
10017;[NICOISE SALAD;14463;10151;NULL;PCIT;
10017;[NICOISE SALAD;NULL;NULL;NULL;PCIT;
10034;[PAIN AU CHOCOLAT;14537;NULL;10210;PPAR;
10034;[PAIN AU CHOCOLAT;NULL;NULL;NULL;PPAR;
10038;[QUICK'N TOAST STUD;14735;10185;NULL;P368;
10038;[QUICK'N TOAST STUD;NULL;NULL;NULL;P368;
10029;[RED DEVIL         .;14692;NULL;NULL;P000;
10029;[RED DEVIL         .;NULL;NULL;NULL;P000;
10009;[SANS NAPPAGE;14425;NULL;NULL;P000;
10009;[SANS NAPPAGE;NULL;NULL;NULL;P000;
10009;[SANS TOPPING;14426;NULL;NULL;P000;
10009;[SANS TOPPING;NULL;NULL;NULL;P000;
10023;[SHK CHATAIGNE;14513;10158;NULL;PCJQ;
10023;[SHK CHATAIGNE;NULL;NULL;NULL;PCJQ;
10023;[SHK CHOCOLAT;14251;10049;NULL;P893;
10023;[SHK CHOCOLAT;NULL;NULL;NULL;P893;
10023;[SHK MAXI CHATAIGNE;14514;10157;NULL;PCJR;
10023;[SHK MAXI CHATAIGNE;NULL;NULL;NULL;PCJR;
10023;[SHK MAXI CHOCOLAT;14440;10056;NULL;P917;
10023;[SHK MAXI CHOCOLAT;NULL;NULL;NULL;P917;
10023;[SHK MAXI MOQUITO;14602;10179;NULL;PCPF;
10023;[SHK MAXI MOQUITO;NULL;NULL;NULL;PCPF;
10023;[SHK MAXI PAIN EPICE;14306;10110;NULL;PBUW;
10023;[SHK MAXI PAIN EPICE;NULL;NULL;NULL;PBUW;
10023;[SHK MAXI WAIKIKI;14141;10080;NULL;PBRF;
10023;[SHK MAXI WAIKIKI;NULL;NULL;NULL;PBRF;
10023;[SHK MAXI WATERMELON;14144;10055;NULL;PCBE;
10023;[SHK MAXI WATERMELON;NULL;NULL;NULL;PCBE;
10023;[SHK MOQUITO;14601;10178;NULL;PCPE;
10023;[SHK MOQUITO;NULL;NULL;NULL;PCPE;
10023;[SHK PAIN EPICE;14305;10111;NULL;PBUV;
10023;[SHK PAIN EPICE;NULL;NULL;NULL;PBUV;
10023;[SHK WAIKIKI;14140;10079;NULL;PBRE;
10023;[SHK WAIKIKI;NULL;NULL;NULL;PBRE;
10023;[SHK WATERMELON;14418;10140;NULL;PCBD;
10023;[SHK WATERMELON;NULL;NULL;NULL;PCBD;
10015;[SIDE SALAD;14118;10072;NULL;PBJL;
10015;[SIDE SALAD;NULL;NULL;NULL;PBJL;
10005;[SIDE SALAD MX;14275;10072;NULL;PBJL;
10005;[SIDE SALAD MX;NULL;NULL;NULL;PBJL;
10009;[SOFTY CUP;14433;10141;NULL;PCHW;
10009;[SOFTY CUP;NULL;NULL;NULL;PCHW;
10006;[SPICY WINGS;14102;10077;NULL;PBRB;
10006;[SPICY WINGS;NULL;NULL;NULL;PBRB;
10006;[SPICY WINGS MT;14317;10077;NULL;PBRB;
10006;[SPICY WINGS MT;NULL;NULL;NULL;PBRB;
10004;[SPRITE MAXI_DOT ;14484;10030;NULL;P418;
10004;[SPRITE MAXI_DOT ;NULL;NULL;NULL;P418;
10003;[SPRITE MED_DOT ;14485;10031;NULL;P419;
10003;[SPRITE MED_DOT ;NULL;NULL;NULL;P419;
10002;[SPRITE SMALL_DOT;14486;10032;NULL;P421;
10002;[SPRITE SMALL_DOT;NULL;NULL;NULL;P421;
10031;[SUMMER BEEF;14409;10136;NULL;PCBA;
10031;[SUMMER BEEF;NULL;NULL;NULL;PCBA;
10031;[SUMMER BEEF MT;14410;10136;NULL;PCBA;
10031;[SUMMER BEEF MT;NULL;NULL;NULL;PCBA;
10031;[SUPER ANDALOUSE;14567;10168;NULL;PCMT;
10031;[SUPER ANDALOUSE;NULL;NULL;NULL;PCMT;
10031;[SUPER ANDALOUSE MT;14568;10168;NULL;PCMT;
10031;[SUPER ANDALOUSE MT;NULL;NULL;NULL;PCMT;
10031;[SUPER PEPPER;14301;10109;NULL;PBUS;
10031;[SUPER PEPPER;NULL;NULL;NULL;PBUS;
10031;[SUPER PEPPER MT;14314;10109;NULL;PBUS;
10031;[SUPER PEPPER MT;NULL;NULL;NULL;PBUS;
10031;[SUPER SWISS;14298;10108;NULL;PBUR;
10031;[SUPER SWISS;NULL;NULL;NULL;PBUR;
10031;[SUPER SWISS MT;14313;10108;NULL;PBUR;
10031;[SUPER SWISS MT;NULL;NULL;NULL;PBUR;
10031;[SUPREME CHEESE;14084;10019;NULL;P255;
10031;[SUPREME CHEESE;NULL;NULL;NULL;P255;
10031;[SUPREME CHEESE MT;14311;10019;NULL;P255;
10031;[SUPREME CHEESE MT;NULL;NULL;NULL;P255;
10031;[SUPREME CHICKEN;14086;10067;NULL;PBFL;
10031;[SUPREME CHICKEN;NULL;NULL;NULL;PBFL;
10031;[SUPREME CHICKEN MT;14312;10067;NULL;PBFL;
10031;[SUPREME CHICKEN MT;NULL;NULL;NULL;PBFL;
10031;[SUPREME CLASSIQ;14381;10133;NULL;PCAB;
10031;[SUPREME CLASSIQ;NULL;NULL;NULL;PCAB;
10031;[SUPREME CLASSIQ MT;14382;10133;NULL;PCAB;
10031;[SUPREME CLASSIQ MT;NULL;NULL;NULL;PCAB;
10031;[SUPREME EMMENTAL;14337;10112;NULL;PBWU;
10031;[SUPREME EMMENTAL;NULL;NULL;NULL;PBWU;
10031;[SUPREME EMMENTAL MT;14336;10112;NULL;PBWU;
10031;[SUPREME EMMENTAL MT;NULL;NULL;NULL;PBWU;
10031;[SUPREME PEPPER;14085;10059;NULL;PAAB;
10031;[SUPREME PEPPER;NULL;NULL;NULL;PAAB;
10031;[SUPREME PEPPER MT;14310;10059;NULL;PAAB;
10031;[SUPREME PEPPER MT;NULL;NULL;NULL;PAAB;
10029;[SWEET BREAK;14612;NULL;NULL;P000;
10029;[SWEET BREAK;NULL;NULL;NULL;P000;
10029;[SWEET BREAK button;14546;NULL;NULL;M000;
10029;[SWEET BREAK button;NULL;NULL;NULL;M000;
10018;[TEA EARL GREY SBC;14829;10225;NULL;PCXW;
10018;[TEA EARL GREY SBC;NULL;NULL;NULL;PCXW;
10018;[TEA ENGL BKF SBC;14830;10228;NULL;PCXV;
10018;[TEA ENGL BKF SBC;NULL;NULL;NULL;PCXV;
10018;[TEA REFRESH SBC;14831;10227;NULL;PCXX;
10018;[TEA REFRESH SBC;NULL;NULL;NULL;PCXX;
10011;[TOMATOES;14106;NULL;10292;PBDK;
10011;[TOMATOES;NULL;NULL;NULL;PBDK;
10011;[TOMATOES MB;14265;NULL;10292;PBDK;
10011;[TOMATOES MB;NULL;NULL;NULL;PBDK;
10019;[TOP + PRIME 1€;14614;10106;NULL;P445;
10019;[TOP + PRIME 1€;NULL;NULL;NULL;P445;
10009;[TOPPING  ARLEQUI MM;14611;NULL;11173;PCOZ;
10009;[TOPPING  ARLEQUI MM;NULL;NULL;NULL;PCOZ;
10009;[TOPPING  ARLEQUIN;14610;NULL;11173;PCOZ;
10009;[TOPPING  ARLEQUIN;NULL;NULL;NULL;PCOZ;
10009;[TOPPING  CUBERDO MM;14454;NULL;10378;PCHZ;
10009;[TOPPING  CUBERDO MM;NULL;NULL;NULL;PCHZ;
10009;[TOPPING  CUBERDON;14453;NULL;10378;PCHZ;
10009;[TOPPING  CUBERDON;NULL;NULL;NULL;PCHZ;
10009;[TOPPING  SPEC MM;14427;NULL;10847;PCIC;
10009;[TOPPING  SPEC MM;NULL;NULL;NULL;PCIC;
10009;[TOPPING  SPECULOOS;14428;NULL;10847;PCIC;
10009;[TOPPING  SPECULOOS;NULL;NULL;NULL;PCIC;
10009;[TOPPING LION;14429;NULL;10306;PCIB;
10009;[TOPPING LION;NULL;NULL;NULL;PCIB;
10009;[TOPPING LION MM;14430;NULL;10306;PCIB;
10009;[TOPPING LION MM;NULL;NULL;NULL;PCIB;
10009;[TOPPING SMARTIES;14431;NULL;10226;PCIA;
10009;[TOPPING SMARTIES;NULL;NULL;NULL;PCIA;
10010;[TRICOLORE;14452;10149;NULL;PCIH;
10010;[TRICOLORE;NULL;NULL;NULL;PCIH;
10030;[YOP_DOT;14490;NULL;11650;P608;
10030;[YOP_DOT;NULL;NULL;NULL;P608;
10004;[ZERO MAXI_DOT ;14489;10100;NULL;PTAG;
10004;[ZERO MAXI_DOT ;NULL;NULL;NULL;PTAG;
10003;[ZERO MED_DOT ;14488;10099;NULL;PTAF;
10003;[ZERO MED_DOT ;NULL;NULL;NULL;PTAF;
10002;[ZERO SMALL_DOT;14487;10098;NULL;PTAE;
10002;[ZERO SMALL_DOT;NULL;NULL;NULL;PTAE;
10001;AIGRE DOUX;14117;NULL;10077;P118;
10001;AIGRE DOUX FREE ;14515;NULL;10077;P118;
10001;ANDALOUSE;14111;NULL;10323;PBKK;
10001;ANDALOUSE FREE;14516;NULL;10323;PBKK;
10038;ANDALOUSE MAX STUD;14808;10212;NULL;PCZC;
10038;ANDALOUSE MAX STUD;NULL;NULL;NULL;PCZC;
10030;ANDROS;14131;NULL;11381;P855;
10024;ANNIF COMP 5 ANS;14244;10102;NULL;M000;
10024;ANNIF COMP 8 ANS;14245;10103;NULL;M000;
10024;ANNIF SALE 5 ANS;14242;10104;NULL;M000;
10024;ANNIF SALE 8 ANS;14259;10105;NULL;M000;
10024;ANNIF SUCRE 5 ANS;14243;10104;NULL;M000;
10024;ANNIF SUCRE 8 ANS;14260;10105;NULL;M000;
10024;ANNIV COMPLET;14279;NULL;NULL;M000;
10031;BACON MAX ;14089;10282;NULL;PDFT;
10031;BACON MAX MT ;14316;10282;NULL;PDFT;
10038;BACON MAX STUD;14730;10282;NULL;PDFT;
10001;BARBECUE;14109;NULL;11656;P105;
10001;BARBECUE FREE;14517;NULL;11656;P105;
10010;BEEF BBQ;15036;10275;NULL;PDFJ;
10010;BEEF BBQ MT;15037;10275;NULL;PDFJ;
10010;BEEF BBQ OK;15038;10275;NULL;PDFJ;
10031;BEEF DIABLO;15085;10285;NULL;PDGI;
10031;BEEF DIABLO MT;15084;10285;NULL;PDGI;
10038;BEEF DIABLO STUD;15083;10285;NULL;PDGI;
10010;BEEF LVQR ;14723;10211;NULL;PCTA;
10010;BEEF LVQR MB  ;14724;10211;NULL;PCTA;
10010;BEEF LVQR MT ;14725;10211;NULL;PCTA;
10010;BEEF LVQR OK ;14729;10211;NULL;PCTA;
10010;BEEF SAMOURAÎ;14865;10242;NULL;PCYF;
10010;BEEF SAMOURAÎ;NULL;NULL;NULL;PCYF;
10010;BEEF SAMOURAÎ MT;14866;10242;NULL;PCYF;
10010;BEEF SAMOURAÎ MT;NULL;NULL;NULL;PCYF;
10010;BEEF SAMOURAÎ OK;14867;10242;NULL;PCYF;
10010;BEEF SAMOURAÎ OK;NULL;NULL;NULL;PCYF;
10007;BIERE CAN 33cl;14176;10033;NULL;P426;
10032;BIERE CAN 33cl Max;14495;10033;NULL;P426;
10032;BIERE CAN 50CL;14177;10033;NULL;PPBW;
10032;BIERE CAN 50CL_DOT;14364;10096;NULL;PPBW;
10007;BIERE FUT 33cl;14175;10033;NULL;P425;
10029;BKF CARD;14545;NULL;NULL;M000;
10029;BKF CARD;NULL;NULL;NULL;M000;
10019;BOX + PRIME FILLE;14331;10101;NULL;P860;
10019;BOX + PRIME GARC ;14280;10101;NULL;P860;
10016;BOX CINEMA        .;14292;NULL;NULL;M000;
10033;BREAKFAST +;14542;NULL;NULL;M000;
10033;BREAKFAST +;NULL;NULL;NULL;M000;
10033;BREAKFAST EXPRESS;14543;NULL;NULL;M000;
10033;BREAKFAST EXPRESS;NULL;NULL;NULL;M000;
10033;BREAKFAST EXPRESS  .;14253;NULL;NULL;M000;
10033;BREAKFAST EXPRESS  .;NULL;NULL;NULL;M000;
10033;BREAKFAST PLUS     .;14254;NULL;NULL;M000;
10033;BREAKFAST PLUS     .;NULL;NULL;NULL;M000;
10031;BRETZEL BAC MT;15021;10274;NULL;PDDJ;
10038;BRETZEL BAC STUD;15023;10274;NULL;PDDJ;
10031;BRETZEL BACON;15018;10274;NULL;PDDJ;
10031;BRETZEL PEP MT;15020;10273;NULL;PDFG;
10038;BRETZEL PEP STUD;15022;10273;NULL;PDFG;
10031;BRETZEL PEPPER;15019;10273;NULL;PDFG;
10008;BROWNIE;14126;10058;NULL;P978;
10008;BROWNIE DEL'ICE;14870;10243;NULL;PCYE;
10031;BURGER HEROS;14950;10260;NULL;PCZQ;
10031;BURGER HEROS;NULL;NULL;NULL;PCZQ;
10031;BURGER HEROS MT;14951;10260;NULL;PCZQ;
10031;BURGER HEROS MT;NULL;NULL;NULL;PCZQ;
10038;BURGER HEROS STUD;14952;10260;NULL;PCZQ;
10038;BURGER HEROS STUD;NULL;NULL;NULL;PCZQ;
10029;BXL CARD;15015;NULL;NULL;P000;
10001;CAESAR;14468;NULL;10929;PCJD;
10001;CAESAR FREE;14527;NULL;10323;PCJD;
10017;CAESAR SALAD;14462;10150;NULL;PCIU;
10017;CAESAR SALAD;NULL;NULL;NULL;PCIU;
10018;CAFE;14169;10035;NULL;P513;
10018;CAFE;NULL;NULL;NULL;P513;
10018;CAPPUCCINO LZ ;14833;10230;NULL;PCXQ;
10036;CAPRI SUN;14466;NULL;10926;PCIW;
10018;CAPUCCINO;14172;10038;NULL;P550;
10018;CAPUCCINO;NULL;NULL;NULL;P550;
10028;CARD CINE;14257;NULL;10436;P939;
10029;CARTE ETUDIANT;14267;NULL;NULL;P000;
10017;CHE CHK COLD SLA;14930;10256;NULL;PDAX;
10017;CHE CHK HOT SLA;14929;10255;NULL;PDAW;
10010;CHEESE DELICE;14635;10188;NULL;PBFF;
10010;CHEESE DELICE;NULL;NULL;NULL;PBFF;
10010;CHEESE DELICE MT;14636;10188;NULL;PBFF;
10010;CHEESE DELICE MT;NULL;NULL;NULL;PBFF;
10010;CHEESEBURGER;14097;10017;NULL;P172;
10010;CHEESEBURGER MB;14307;10017;NULL;P172;
10010;CHEESEBURGER MT;14277;10017;NULL;P172;
10010;CHEESEBURGER OK;14844;10017;NULL;P172;
10006;CHEESY BALLS 20;14291;10107;NULL;PBFS;
10006;CHEESY BALLS 6;14290;10066;NULL;PBFC;
10006;CHEESY LEERD/10;14511;10155;NULL;PCJN;
10006;CHEESY LEERD/10;NULL;NULL;NULL;PCJN;
10006;CHEESY LEERD/3;14512;10156;NULL;PCJM;
10006;CHEESY LEERD/3;NULL;NULL;NULL;PCJM;
10006;CHEESY PHILA/20;14960;10261;NULL;PCZO;
10006;CHEESY PHILA/20;NULL;NULL;NULL;PCZO;
10006;CHEESY PHILA/6;14959;10262;NULL;PCZN;
10006;CHEESY PHILA/6;NULL;NULL;NULL;PCZN;
10006;CHEESY TRIO W/20;15014;10270;NULL;PDEH;
10006;CHEESY TRIO W/6;15013;10271;NULL;PDEG;
10006;CHEESY TRIO/ 20;14896;10245;NULL;PCZF;
10006;CHEESY TRIO/ 20;14896;10165;NULL;PCZF;
10006;CHEESY TRIO/ 20;NULL;NULL;NULL;PCZF;
10006;CHEESY TRIO/ 6;14895;10246;NULL;PCZE;
10006;CHEESY TRIO/ 6;NULL;NULL;NULL;PCZE;
10012;CHICKEN FILET ;14091;10281;NULL;PDFV ;
10012;CHICKEN FILET MT;14325;10281;NULL;PDFV ;
10037;CHICKEN FILET STUD;14731;10281;NULL;PDFV ;
10018;CHOCO CHAUD;14173;10036;NULL;P523;
10018;CHOCO CHAUD;NULL;NULL;NULL;P523;
10026;CHOCOPASTA;15049;NULL;11849;PDCO;
10008;CHURROS/10;14805;10216;NULL;PBKJ;
10008;CHURROS/5 ;14124;10063;NULL;PBAS;
10031;CKN TOM ONION;15086;10286;NULL;PDGH;
10031;CKN TOM ONION MT;15087;10286;NULL;PDGH;
10038;CKN TOM ONION STUD;15088;10286;NULL;PDGH;
10018;COFFEE LONG LZ ;14832;10231;NULL;PCXN;
10002;COKE 25CL;14119;10023;NULL;P403;
10002;COKE 25CL;14119;NULL;11893;P403;
10003;COKE 35CL;14155;10022;NULL;P402;
10004;COKE MX;14174;10021;NULL;P401;
10004;COKE MX;14174;NULL;10857;P401;
10021;COMBO STUD €4.5    .;14926;NULL;NULL;M000;
10026;CONFITURE ABRICOT;15046;NULL;11838;PBJI;
10026;CONFITURE FRAISE;15045;NULL;11837;P985;
10030;CORNET;14137;10040;NULL;P711;
10008;CRUMBLE DEL'ICE;14897;10247;NULL;PCZG;
10008;CRUMBLE FRAISE;14961;10263;NULL;PCZP;
10008;CRUMBLE FRAISE;NULL;NULL;NULL;PCZP;
10001;CUP COCKTAIL VM;14594;NULL;11561;PCNX;
10001;CUP COCKTAIL VM FREE;14593;NULL;11134;PCNX;
10001;CURRY;14110;NULL;10321;P106;
10001;CURRY FREE;14518;NULL;10321;P106;
10008;DELICE CHOCOLAT;14127;10042;NULL;P876;
10006;DIPS 10;14100;10013;NULL;P109;
10006;DIPS 4;14098;10015;NULL;P111;
10006;DIPS 4 OK;14845;10015;NULL;P111;
10006;DIPS 4_MB;14326;10015;NULL;P111;
10006;DIPS 7;14099;10057;NULL;P941;
10006;DIPS 7_MT;14327;10057;NULL;P941;
10037;DIPS7 STUD;14737;10057;NULL;P941;
10008;DONUT 3 CHOCO;14806;10215;NULL;PCPD;
10008;DONUT CHOCO;14125;10061;NULL;PAKF;
10008;DONUT FRAISE;14603;10180;NULL;PCPB;
10017;DUO SALMON SALAD;14591;10173;NULL;PCNY;
10017;DUO SALMON SALAD;NULL;NULL;NULL;PCNY;
10036;EAU PET 33 SMAL;14444;10114;NULL;PNAC;
10003;EAU PETILLANTE 33CL;14167;10114;NULL;PNAC;
10004;EAU PETILLANTE 50CL;14178;10145;NULL;PPBX;
10036;EAU PLATE 33 SMALL;14437;10146;NULL;P896;
10003;EAU PLATE 33CL;14168;10146;NULL;P896;
10004;EAU PLATE 50CL;14160;10147;NULL;P897;
10029;ENG;14871;NULL;NULL;P000;
10029;ENG;NULL;NULL;NULL;P000;
10018;ESPRESSO LZ;14834;10234;NULL;PCXO;
10018;EXPRESSO;14170;10039;NULL;P561;
10018;EXPRESSO;NULL;NULL;NULL;P561;
10002;FANTA 25CL;14153;10029;NULL;P416;
10003;FANTA 35CL;14156;10028;NULL;P415;
10004;FANTA MX;14180;10027;NULL;P414;
10004;FANTA MX;14180;NULL;10859;P414;
10006;FISH'N DIPS 3;14246;10090;NULL;PPAH;
10006;FISH'N DIPS 3_MB;14328;10090;NULL;PPAH;
10006;FISH'N DIPS 4;14103;10091;NULL;PPAJ;
10006;FISH'N DIPS 4_MT;14329;10091;NULL;PPAJ;
10006;FN DIPS/3;14974;10265;NULL;PDAB;
10006;FN DIPS/3 MB;14975;10265;NULL;PDAB;
10006;FN DIPS/7;14965;10266;NULL;PDAD;
10037;FN DIPS/7 STUD;14967;10266;NULL;PDAD;
10006;FN DIPS/7MT;14966;10266;NULL;PDAD;
10029;FR;14675;NULL;NULL;P000;
10024;FRIANDISE ANNIV;14258;NULL;10642;PAIB;
10024;FRIANDISE ANNIV;14258;NULL;10167;PAIB;
10030;FUNNY FRUIT;14469;NULL;11168;PCIL;
10012;GIANT ;10731;10014;NULL;P110;
10012;GIANT CHICKEN;14629;10184;NULL;PCLN;
10012;GIANT CHICKEN;NULL;NULL;NULL;PCLN;
10012;GIANT CHICKEN MT;14630;10184;NULL;PCLN;
10012;GIANT CHICKEN MT;NULL;NULL;NULL;PCLN;
10012;GIANT FISH;14618;10183;NULL;PCLM;
10012;GIANT FISH;NULL;NULL;NULL;PCLM;
10012;GIANT FISH MT;14631;10183;NULL;PCLM;
10012;GIANT FISH MT;NULL;NULL;NULL;PCLM;
10031;GIANT MAX  ;14088;10283;NULL;PDFP;
10031;GIANT MAX MT ;14315;10283;NULL;PDFP;
10038;GIANT MAX STUD;14732;10283;NULL;PDFP;
10012;GIANT MT;14322;10014;NULL;P110;
10037;GIANT STUD;14733;10014;NULL;P110;
10010;HAMBURGER;14096;10018;NULL;P180;
10010;HAMBURGER MB;14308;10018;NULL;P180;
10010;HAMBURGER MT;14276;10018;NULL;P180;
10010;HAMBURGER OK;14846;10018;NULL;P180;
10031;HAPPY PEPPER;14648;10192;NULL;PCSR;
10031;HAPPY PEPPER;NULL;NULL;NULL;PCSR;
10031;HAPPY PEPPER MT;14649;10192;NULL;PCSR;
10031;HAPPY PEPPER MT;NULL;NULL;NULL;PCSR;
10031;HOT CHICKEN;14681;10203;NULL;PCUN;
10031;HOT CHICKEN;NULL;NULL;NULL;PCUN;
10018;HOT CHOCOLATE LZ;14835;10229;NULL;PCXU;
10010;JUNIOR GIANT;14566;10164;NULL;PBDF;
10010;JUNIOR GIANT;NULL;NULL;NULL;PBDF;
10010;JUNIOR GIANT MT;14565;10164;NULL;PBDF;
10010;JUNIOR GIANT MT;NULL;NULL;NULL;PBDF;
10010;JUNIOR WRAP ;15109;10293;NULL;PDDH;
10010;JUNIOR WRAP MT ;15108;10293;NULL;PDDH;
10010;JUNIOR WRAP OK ;15107;10293;NULL;PDDH;
10001;KETCHUP;14107;NULL;11236;P889;
10001;KETCHUP FREE;14519;NULL;11236;P889;
10012;KING FISH ;14092;10043;NULL;P885;
10012;KING FISH MT;14320;10043;NULL;P885;
10037;KING FISH STUD;14734;10043;NULL;P885;
10018;LATTE CAR LZ;14838;10232;NULL;PCXT;
10018;LATTE LZ;14839;10233;NULL;PCXP;
10018;LATTE VAN LZ;14840;10236;NULL;PCXS;
10002;LIGHT 25CL;14158;10026;NULL;P413;
10003;LIGHT 35CL;14152;10025;NULL;P412;
10004;LIGHT MX;14161;10024;NULL;P411;
10004;LIGHT MX;14161;NULL;10858;P411;
10029;LOCAL;14703;NULL;NULL;P000;
10036;M.MAID 20CL;14165;NULL;10198;PNAN;
10004;M.MAID 33 MAXI;14441;10088;NULL;PNAO;
10003;M.MAID 33CL;14166;10088;NULL;PNAO;
10016;MAGIC BOX;14261;NULL;NULL;M000;
10014;MAX ANDALOUSE MAX  .;14793;NULL;NULL;M000;
10014;MAX ANDALOUSE MAX  .;NULL;NULL;NULL;M000;
10022;MAX ATLANTIQ SALAD .;14217;NULL;NULL;M000;
10022;MAX ATLANTIQ SALAD .;NULL;NULL;NULL;M000;
10014;MAX BACON MAX      .;14204;NULL;NULL;M000;
10014;MAX BEEF CHEDDAR   .;14661;NULL;NULL;M000;
10014;MAX BEEF CHEDDAR   .;NULL;NULL;NULL;M000;
10014;MAX BEEF DIABLO    .;15081;NULL;NULL;M000;
10014;MAX BEEF PEPPERONI .;14580;NULL;NULL;M000;
10014;MAX BEEF PEPPERONI .;NULL;NULL;NULL;M000;
10014;MAX BRETZEL BACON  .;15027;NULL;NULL;M000;
10014;MAX BRETZEL PEPPER .;15026;NULL;NULL;M000;
10022;MAX CAESAR SALAD   .;14470;NULL;NULL;M000;
10022;MAX CAESAR SALAD   .;NULL;NULL;NULL;M000;
10022;MAX CHE CHK COLD SL.;14931;NULL;NULL;M000;
10022;MAX CHE CHK HOT SL .;14932;NULL;NULL;M000;
10014;MAX CHICKEN DIPS 7 .;14210;NULL;NULL;M000;
10014;MAX CHICKEN FILET  .;14207;NULL;NULL;M000;
10014;MAX CHICKEN WINGS  .;14213;NULL;NULL;M000;
10014;MAX CHKN FORMAGGIO .;14581;NULL;NULL;M000;
10014;MAX CHKN FORMAGGIO .;NULL;NULL;NULL;M000;
10014;MAX CKN TOM ONION  .;15090;NULL;NULL;M000;
10014;MAX CL CH MIEL MOUT.;14341;NULL;NULL;M000;
10014;MAX CL CH MIEL MOUT.;NULL;NULL;NULL;M000;
10014;MAX CLUB CHEVRE BIO.;14212;NULL;NULL;M000;
10014;MAX CLUB CHEVRE BIO.;NULL;NULL;NULL;M000;
10014;MAX CLUB MOZZA BIO.;14369;NULL;NULL;M000;
10014;MAX CLUB MOZZA BIO.;NULL;NULL;NULL;M000;
10014;MAX CLUB SAMURAI   .;14209;NULL;NULL;M000;
10014;MAX CLUB SAMURAI   .;NULL;NULL;NULL;M000;
10022;MAX COLD CLA CKN SA.;14216;NULL;NULL;M000;
10014;MAX CRISPY ANDAL   .;14371;NULL;NULL;M000;
10014;MAX CRISPY ANDAL   .;NULL;NULL;NULL;M000;
10014;MAX CRISPY BAC BEEF.;14642;NULL;NULL;M000;
10014;MAX CRISPY BAC BEEF.;NULL;NULL;NULL;M000;
10014;MAX CRISPY BAC CHK .;14643;NULL;NULL;M000;
10014;MAX CRISPY BAC CHK .;NULL;NULL;NULL;M000;
10014;MAX CRISPY BACON   .;14505;NULL;NULL;M000;
10014;MAX CRISPY BACON   .;NULL;NULL;NULL;M000;
10014;MAX DARK BURGER    .;14351;NULL;NULL;M000;
10014;MAX DARK BURGER    .;NULL;NULL;NULL;M000;
10014;MAX EXTRA BACON    .;14550;NULL;NULL;M000;
10014;MAX EXTRA BACON    .;NULL;NULL;NULL;M000;
10014;MAX EXTRA CHEESE   .;14555;NULL;NULL;M000;
10014;MAX EXTRA CHEESE   .;NULL;NULL;NULL;M000;
10014;MAX FN DIPS/7      .;14969;NULL;NULL;M000;
10014;MAX GIANT          .;14206;NULL;NULL;M000;
10014;MAX GIANT CHICKEN  .;14621;NULL;NULL;M000;
10014;MAX GIANT CHICKEN  .;NULL;NULL;NULL;M000;
10014;MAX GIANT FISH     .;14622;NULL;NULL;M000;
10014;MAX GIANT FISH     .;NULL;NULL;NULL;M000;
10014;MAX GIANT MAX      .;14203;NULL;NULL;M000;
10014;MAX GIANT MITRAILLE.;14616;NULL;NULL;M000;
10014;MAX GIANT MITRAILLE.;NULL;NULL;NULL;M000;
10014;MAX HAPPY PEPPER   .;14650;NULL;NULL;M000;
10014;MAX HAPPY PEPPER   .;NULL;NULL;NULL;M000;
10014;MAX HEROS          .;14954;NULL;NULL;M000;
10014;MAX HEROS          .;NULL;NULL;NULL;M000;
10014;MAX HOMER BURGER   .;14606;NULL;NULL;M000;
10014;MAX HOMER BURGER   .;NULL;NULL;NULL;M000;
10014;MAX HOT CHICKEN    .;14683;NULL;NULL;M000;
10014;MAX HOT CHICKEN    .;NULL;NULL;NULL;M000;
10022;MAX HOT CLA CKN SAL.;14215;NULL;NULL;M000;
10014;MAX HOT'N FRESH    .;14413;NULL;NULL;M000;
10014;MAX HOT'N FRESH    .;NULL;NULL;NULL;M000;
10014;MAX INT RACLETTE   .;14530;NULL;NULL;M000;
10014;MAX INT RACLETTE   .;NULL;NULL;NULL;M000;
10014;MAX JEDI BURGER    .;14352;NULL;NULL;M000;
10014;MAX JEDI BURGER    .;NULL;NULL;NULL;M000;
10014;MAX KING FISH      .;14208;NULL;NULL;M000;
10014;MAX MERRY SAMOURAI .;14653;NULL;NULL;M000;
10014;MAX MERRY SAMOURAI .;NULL;NULL;NULL;M000;
10022;MAX NICOISE SALAD  .;14472;NULL;NULL;M000;
10022;MAX NICOISE SALAD  .;NULL;NULL;NULL;M000;
10022;MAX PASTA COLD S   .;14938;NULL;NULL;M000;
10022;MAX PASTA HOT S    .;14937;NULL;NULL;M000;
10014;MAX PEPPER CRAZY  . ;14798;NULL;NULL;M000;
10014;MAX PEPPER CRAZY  . ;NULL;NULL;NULL;M000;
10014;MAX PEPPER MAX     .;15072;NULL;NULL;M000;
10014;MAX QNC BEEF       .;14855;NULL;NULL;M000;
10014;MAX QNC BEEF       .;NULL;NULL;NULL;M000;
10014;MAX QNC CHICK      .;14856;NULL;NULL;M000;
10014;MAX QNC CHICK      .;NULL;NULL;NULL;M000;
10014;MAX QUICK N TOAST  .;14788;NULL;NULL;M000;
10014;MAX SAMOURAI MAX   .;14881;NULL;NULL;M000;
10014;MAX SAMOURAI MAX   .;NULL;NULL;NULL;M000;
10014;MAX SPICY WINGS    .;14214;NULL;NULL;M000;
10014;MAX SPICY WINGS    .;NULL;NULL;NULL;M000;
10014;MAX SUMMER BEEF    .;14406;NULL;NULL;M000;
10014;MAX SUMMER BEEF    .;NULL;NULL;NULL;M000;
10014;MAX SUPER ANDALOUSE.;14569;NULL;NULL;M000;
10014;MAX SUPER ANDALOUSE.;NULL;NULL;NULL;M000;
10014;MAX SUPER PEPPER   .;14304;NULL;NULL;M000;
10014;MAX SUPER PEPPER   .;NULL;NULL;NULL;M000;
10014;MAX SUPER SWISS    .;14299;NULL;NULL;M000;
10014;MAX SUPER SWISS    .;NULL;NULL;NULL;M000;
10014;MAX SUPREME BEEF   .;15054;NULL;NULL;M000;
10014;MAX SUPREME CHEESE .;14199;NULL;NULL;M000;
10014;MAX SUPREME CHICKEN.;14201;NULL;NULL;M000;
10014;MAX SUPREME CHK BBQ.;14394;NULL;NULL;M000;
10014;MAX SUPREME CKN    .;15064;NULL;NULL;M000;
10014;MAX SUPREME CLASSIQ.;14395;NULL;NULL;M000;
10014;MAX SUPREME EMMENT .;14332;NULL;NULL;M000;
10014;MAX SUPREME EMMENT .;NULL;NULL;NULL;M000;
10014;MAX SUPREME PEPPER .;14396;NULL;NULL;M000;
10014;MAX SWEET BEEF     .;14679;NULL;NULL;M000;
10014;MAX SWEET BEEF     .;NULL;NULL;NULL;M000;
10014;MAX TRIPLE BBQ ONIO.;14717;NULL;NULL;M000;
10014;MAX TRIPLE BBQ ONIO.;NULL;NULL;NULL;M000;
10014;MAX TRIPLE BEARNAIS.;14718;NULL;NULL;M000;
10014;MAX TRIPLE BEARNAIS.;NULL;NULL;NULL;M000;
10014;MAX TRIPLE MUSTARD .;14719;NULL;NULL;M000;
10014;MAX TRIPLE MUSTARD .;NULL;NULL;NULL;M000;
10014;MAX TWIN BEEF      .;14981;NULL;NULL;M000;
10014;MAX TWIN BEEF      .;NULL;NULL;NULL;M000;
10014;MAX WRAP BAC ONION .;14912;NULL;NULL;M000;
10014;MAX WRAP BAC ONION .;NULL;NULL;NULL;M000;
10014;MAX WRAP CHK  CAES .;14913;NULL;NULL;M000;
10014;MAX WRAP CHK  CAES .;NULL;NULL;NULL;M000;
10014;MAX WRAP CKN GIANT .;15116;NULL;NULL;M000;
10014;MAX WRAP VEGGIE    .;14910;NULL;NULL;M000;
10014;MAX WRAP VEGGIE    .;NULL;NULL;NULL;M000;
10014;MAX XTRA LG GIANT  .;14457;NULL;NULL;M000;
10014;MAX XTRA LG GIANT  .;NULL;NULL;NULL;M000;
10014;MAX YB BEARNAISE   .;14998;NULL;NULL;M000;
10014;MAX YB BEARNAISE   .;NULL;NULL;NULL;M000;
10014;MAX YB ESPELETTE   .;14999;NULL;NULL;M000;
10014;MAX YB ESPELETTE   .;NULL;NULL;NULL;M000;
10014;MAX YB ROQUEFORT   .;15000;NULL;NULL;M000;
10014;MAX YB ROQUEFORT   .;NULL;NULL;NULL;M000;
10014;MAXI CINEMA        .;14295;NULL;NULL;M000;
10014;MAXI CINEMA+1E     .;14296;NULL;NULL;M000;
10022;MAXI DUO SALMON SLD.;14592;NULL;NULL;M000;
10022;MAXI DUO SALMON SLD.;NULL;NULL;NULL;M000;
10005;MAXI FRITE;14150;10291;NULL;P888;
10005;MAXI FRITE;14150;10046;NULL;P888;
10014;MAXI LOCAL         .;14705;NULL;NULL;M000;
10014;MAXI LOCAL +2€     .;14706;NULL;NULL;M000;
10014;MAXI LOCAL+1€      .;14704;NULL;NULL;M000;
10014;MAXI MENU BXL      .;15016;NULL;NULL;M000;
10014;MAXI MENU BXL+1€   .;15017;NULL;NULL;M000;
10021;MAXI STUDENT 6,5€  .;14270;NULL;NULL;M000;
10021;MAXI STUDENT 6,5€  .;NULL;NULL;NULL;M000;
10021;MAXI STUDENT 7,5€  .;14271;NULL;NULL;M000;
10021;MAXI STUDENT 7,5€  .;NULL;NULL;NULL;M000;
10021;MAXI STUDENT+ 7,5€ .;14274;NULL;NULL;M000;
10021;MAXI STUDENT+ 7,5€ .;NULL;NULL;NULL;M000;
10021;MAXI STUDENT+ 8,5€ .;14272;NULL;NULL;M000;
10021;MAXI STUDENT+ 8,5€ .;NULL;NULL;NULL;M000;
10021;MAXI STUDENT+ 9,5€ .;14273;NULL;NULL;M000;
10021;MAXI STUDENT+ 9,5€ .;NULL;NULL;NULL;M000;
10001;MAYO;14108;NULL;11583;P898;
10001;MAYO FREE;14520;NULL;11583;P898;
10016;MB BEEF LVQR       .;14726;NULL;NULL;M000;
10016;MB BEEF LVQR       .;NULL;NULL;NULL;M000;
10016;MB CHEESEBURGER    .;14237;NULL;NULL;M000;
10016;MB CHICKEN DIPS 4  .;14239;NULL;NULL;M000;
10016;MB FISH N DIPS 3   .;14240;NULL;NULL;M000;
10016;MB FN DIPS/3      .;14976;NULL;NULL;M000;
10016;MB HAMBURGER       .;14238;NULL;NULL;M000;
10013;MED ANDALOUSE MAX  .;14794;NULL;NULL;M000;
10013;MED ANDALOUSE MAX  .;NULL;NULL;NULL;M000;
10022;MED ATLANTIQ SALAD .;14198;NULL;NULL;M000;
10022;MED ATLANTIQ SALAD .;NULL;NULL;NULL;M000;
10013;MED BACON MAX      .;14185;NULL;NULL;M000;
10013;MED BEEF CHEDDAR   .;14662;NULL;NULL;M000;
10013;MED BEEF CHEDDAR   .;NULL;NULL;NULL;M000;
10013;MED BEEF DIABLO    .;15080;NULL;NULL;M000;
10013;MED BEEF PEPPERONI .;14582;NULL;NULL;M000;
10013;MED BEEF PEPPERONI .;NULL;NULL;NULL;M000;
10013;MED BRETZEL BACON . ;15029;NULL;NULL;M000;
10013;MED BRETZEL PEPPER .;15028;NULL;NULL;M000;
10022;MED CAESAR SALAD   .;14471;NULL;NULL;M000;
10022;MED CAESAR SALAD   .;NULL;NULL;NULL;M000;
10022;MED CHE CHK COLD SL.;14933;NULL;NULL;M000;
10022;MED CHE CHK HOT SL .;14934;NULL;NULL;M000;
10013;MED CHICKEN DIPS 7 .;14190;NULL;NULL;M000;
10013;MED CHICKEN FILET  .;14188;NULL;NULL;M000;
10013;MED CHICKEN WINGS  .;14191;NULL;NULL;M000;
10013;MED CHKN FORMAGGIO .;14583;NULL;NULL;M000;
10013;MED CHKN FORMAGGIO .;NULL;NULL;NULL;M000;
10013;MED CKN TOM ONION  .;15091;NULL;NULL;M000;
10013;MED CL CH MIEL MOUT.;14339;NULL;NULL;M000;
10013;MED CL CH MIEL MOUT.;NULL;NULL;NULL;M000;
10013;MED CLUB CHEVRE BIO.;14195;NULL;NULL;M000;
10013;MED CLUB CHEVRE BIO.;NULL;NULL;NULL;M000;
10013;MED CLUB MOZZA BIO .;14370;NULL;NULL;M000;
10013;MED CLUB MOZZA BIO .;NULL;NULL;NULL;M000;
10013;MED CLUB SAMURAI   .;14192;NULL;NULL;M000;
10013;MED CLUB SAMURAI   .;NULL;NULL;NULL;M000;
10022;MED COLD CLA CKN SA.;14197;NULL;NULL;M000;
10013;MED CRISPY ANDAL   .;14372;NULL;NULL;M000;
10013;MED CRISPY ANDAL   .;NULL;NULL;NULL;M000;
10013;MED CRISPY BAC BEEF.;14644;NULL;NULL;M000;
10013;MED CRISPY BAC BEEF.;NULL;NULL;NULL;M000;
10013;MED CRISPY BAC CHK .;14645;NULL;NULL;M000;
10013;MED CRISPY BAC CHK .;NULL;NULL;NULL;M000;
10013;MED CRISPY BACON   .;14507;NULL;NULL;M000;
10013;MED CRISPY BACON   .;NULL;NULL;NULL;M000;
10013;MED DARK BURGER    .;14360;NULL;NULL;M000;
10013;MED DARK BURGER    .;NULL;NULL;NULL;M000;
10022;MED DUO SALMON SLD .;14584;NULL;NULL;M000;
10022;MED DUO SALMON SLD .;NULL;NULL;NULL;M000;
10013;MED EXTRA BACON    .;14551;NULL;NULL;M000;
10013;MED EXTRA BACON    .;NULL;NULL;NULL;M000;
10013;MED EXTRA CHEESE   .;14556;NULL;NULL;M000;
10013;MED EXTRA CHEESE   .;NULL;NULL;NULL;M000;
10013;MED FN DIPS/7      .;14970;NULL;NULL;M000;
10013;MED GIANT          .;14187;NULL;NULL;M000;
10013;MED GIANT CHICKEN  .;14623;NULL;NULL;M000;
10013;MED GIANT CHICKEN  .;NULL;NULL;NULL;M000;
10013;MED GIANT FISH     .;14624;NULL;NULL;M000;
10013;MED GIANT FISH     .;NULL;NULL;NULL;M000;
10013;MED GIANT MAX      .;14184;NULL;NULL;M000;
10013;MED GIANT MITRAILLE.;14617;NULL;NULL;M000;
10013;MED GIANT MITRAILLE.;NULL;NULL;NULL;M000;
10013;MED HAPPY PEPPER   .;14651;NULL;NULL;M000;
10013;MED HAPPY PEPPER   .;NULL;NULL;NULL;M000;
10013;MED HEROS          .;14955;NULL;NULL;M000;
10013;MED HEROS          .;NULL;NULL;NULL;M000;
10013;MED HOMER BURGER   .;14607;NULL;NULL;M000;
10013;MED HOMER BURGER   .;NULL;NULL;NULL;M000;
10013;MED HOT CHICKEN    .;14684;NULL;NULL;M000;
10013;MED HOT CHICKEN    .;NULL;NULL;NULL;M000;
10022;MED HOT CLA CKN SAL.;14196;NULL;NULL;M000;
10013;MED HOT'N FRESH    .;14414;NULL;NULL;M000;
10013;MED HOT'N FRESH    .;NULL;NULL;NULL;M000;
10013;MED INT RACLETTE   .;14531;NULL;NULL;M000;
10013;MED INT RACLETTE   .;NULL;NULL;NULL;M000;
10013;MED JEDI BURGER    .;14361;NULL;NULL;M000;
10013;MED JEDI BURGER    .;NULL;NULL;NULL;M000;
10013;MED KING FISH      .;14189;NULL;NULL;M000;
10013;MED MERRY SAMOURAI .;14657;NULL;NULL;M000;
10013;MED MERRY SAMOURAI .;NULL;NULL;NULL;M000;
10022;MED NICOISE SALAD  .;14473;NULL;NULL;M000;
10022;MED NICOISE SALAD  .;NULL;NULL;NULL;M000;
10022;MED PASTA COLD S   .;14940;NULL;NULL;M000;
10022;MED PASTA HOT S    .;14939;NULL;NULL;M000;
10013;MED PEPPER CRAZY   .;14799;NULL;NULL;M000;
10013;MED PEPPER CRAZY   .;NULL;NULL;NULL;M000;
10013;MED PEPPER MAX   .  ;15073;NULL;NULL;M000;
10013;MED QNC BEEF       .;14857;NULL;NULL;M000;
10013;MED QNC BEEF       .;NULL;NULL;NULL;M000;
10013;MED QNC CHICK      .;14858;NULL;NULL;M000;
10013;MED QNC CHICK      .;NULL;NULL;NULL;M000;
10013;MED QUICK N TOAST  .;14787;NULL;NULL;M000;
10013;MED SAMOURAI MAX   .;14882;NULL;NULL;M000;
10013;MED SAMOURAI MAX   .;NULL;NULL;NULL;M000;
10013;MED SPICY WINGS    .;14193;NULL;NULL;M000;
10013;MED SPICY WINGS    .;NULL;NULL;NULL;M000;
10021;MED STUD ANDA MAX  .;14810;NULL;NULL;M000;
10021;MED STUD ANDA MAX  .;NULL;NULL;NULL;M000;
10021;MED STUD BACON MAX .;14743;NULL;NULL;M000;
10021;MED STUD BBQ ONION .;14745;NULL;NULL;M000;
10021;MED STUD BBQ ONION .;NULL;NULL;NULL;M000;
10021;MED STUD BEARNAISE .;14746;NULL;NULL;M000;
10021;MED STUD BEARNAISE .;NULL;NULL;NULL;M000;
10021;MED STUD BEEF DIABL.;15079;NULL;NULL;M000;
10021;MED STUD BRETZ BAC .;15031;NULL;NULL;M000;
10021;MED STUD BRETZ PEP .;15030;NULL;NULL;M000;
10021;MED STUD CH BBQ BAC.;14744;NULL;NULL;M000;
10021;MED STUD CHICKEN   .;14748;NULL;NULL;M000;
10021;MED STUD CKN TOM ON.;15092;NULL;NULL;M000;
10021;MED STUD DIPS7     .;14751;NULL;NULL;M000;
10021;MED STUD FN DIPS/7 .;14971;NULL;NULL;M000;
10021;MED STUD GIANT     .;14747;NULL;NULL;M000;
10021;MED STUD GIANT MAX .;14750;NULL;NULL;M000;
10021;MED STUD HEROS     .;14956;NULL;NULL;M000;
10021;MED STUD HEROS     .;NULL;NULL;NULL;M000;
10021;MED STUD KING FISH .;14749;NULL;NULL;M000;
10021;MED STUD MUSTARD   .;14753;NULL;NULL;M000;
10021;MED STUD MUSTARD   .;NULL;NULL;NULL;M000;
10021;MED STUD PEP CRAZY .;14813;NULL;NULL;M000;
10021;MED STUD PEP CRAZY .;NULL;NULL;NULL;M000;
10021;MED STUD PEPPER MAX.;15074;NULL;NULL;M000;
10021;MED STUD QNC BEEF  .;14859;NULL;NULL;M000;
10021;MED STUD QNC BEEF  .;NULL;NULL;NULL;M000;
10021;MED STUD QNC CHICK .;14860;NULL;NULL;M000;
10021;MED STUD QNC CHICK .;NULL;NULL;NULL;M000;
10021;MED STUD SAMOU MAX .;14883;NULL;NULL;M000;
10021;MED STUD SAMOU MAX .;NULL;NULL;NULL;M000;
10021;MED STUD SUP CHEESE.;14754;NULL;NULL;M000;
10021;MED STUD SUP PEPPER.;14755;NULL;NULL;M000;
10021;MED STUD SUPR BEEF .;15056;NULL;NULL;M000;
10021;MED STUD SUPR CKN  .;15065;NULL;NULL;M000;
10021;MED STUD TWIN BEEF .;14983;NULL;NULL;M000;
10021;MED STUD TWIN BEEF .;NULL;NULL;NULL;M000;
10021;MED STUD WINGS     .;14756;NULL;NULL;M000;
10021;MED STUD WRAP BAC/O.;14914;NULL;NULL;M000;
10021;MED STUD WRAP BAC/O.;NULL;NULL;NULL;M000;
10021;MED STUD WRAP CH CA.;14915;NULL;NULL;M000;
10021;MED STUD WRAP CH CA.;NULL;NULL;NULL;M000;
10021;MED STUD WRAP CK G. ;15118;NULL;NULL;M000;
10021;MED STUD WRAP VEGG .;14916;NULL;NULL;M000;
10021;MED STUD WRAP VEGG .;NULL;NULL;NULL;M000;
10021;MED STUD XTRA LG G .;14874;NULL;NULL;M000;
10021;MED STUD XTRA LG G .;NULL;NULL;NULL;M000;
10021;MED STUD YB BEA    .;15004;NULL;NULL;M000;
10021;MED STUD YB BEA    .;NULL;NULL;NULL;M000;
10021;MED STUD YB ESPEL  .;15005;NULL;NULL;M000;
10021;MED STUD YB ESPEL  .;NULL;NULL;NULL;M000;
10021;MED STUD YB ROQ    .;15006;NULL;NULL;M000;
10021;MED STUD YB ROQ    .;NULL;NULL;NULL;M000;
10021;MED STUDENT 5,5€   .;14268;NULL;NULL;M000;
10021;MED STUDENT 6,5€   .;14269;NULL;NULL;M000;
10013;MED SUMMER BEEF    .;14407;NULL;NULL;M000;
10013;MED SUMMER BEEF    .;NULL;NULL;NULL;M000;
10013;MED SUPER ANDALOUSE.;14570;NULL;NULL;M000;
10013;MED SUPER ANDALOUSE.;NULL;NULL;NULL;M000;
10013;MED SUPER PEPPER   .;14303;NULL;NULL;M000;
10013;MED SUPER PEPPER   .;NULL;NULL;NULL;M000;
10013;MED SUPER SWISS    .;14297;NULL;NULL;M000;
10013;MED SUPER SWISS    .;NULL;NULL;NULL;M000;
10013;MED SUPREME BEEF   .;15055;NULL;NULL;M000;
10013;MED SUPREME CHEESE .;14179;NULL;NULL;M000;
10013;MED SUPREME CHK BBQ.;14397;NULL;NULL;M000;
10013;MED SUPREME CKN    .;15063;NULL;NULL;M000;
10013;MED SUPREME CLASSIQ.;14398;NULL;NULL;M000;
10013;MED SUPREME EMMENT .;14333;NULL;NULL;M000;
10013;MED SUPREME EMMENT .;NULL;NULL;NULL;M000;
10013;MED SUPREME PEPPER .;14399;NULL;NULL;M000;
10013;MED SWEET BEEF     .;14680;NULL;NULL;M000;
10013;MED SWEET BEEF     .;NULL;NULL;NULL;M000;
10013;MED TRIPLE BBQ ONIO.;14720;NULL;NULL;M000;
10013;MED TRIPLE BBQ ONIO.;NULL;NULL;NULL;M000;
10013;MED TRIPLE BEARNAIS.;14721;NULL;NULL;M000;
10013;MED TRIPLE BEARNAIS.;NULL;NULL;NULL;M000;
10013;MED TRIPLE MUSTARD .;14722;NULL;NULL;M000;
10013;MED TRIPLE MUSTARD .;NULL;NULL;NULL;M000;
10013;MED TWIN BEEF      .;14982;NULL;NULL;M000;
10013;MED TWIN BEEF      .;NULL;NULL;NULL;M000;
10013;MED WRAP BAC ONION .;14917;NULL;NULL;M000;
10013;MED WRAP BAC ONION .;NULL;NULL;NULL;M000;
10013;MED WRAP CHK CAES  .;14918;NULL;NULL;M000;
10013;MED WRAP CHK CAES  .;NULL;NULL;NULL;M000;
10013;MED WRAP CKN GIANT .;15117;NULL;NULL;M000;
10013;MED WRAP VEGGIE    .;14911;NULL;NULL;M000;
10013;MED WRAP VEGGIE    .;NULL;NULL;NULL;M000;
10013;MED XTRA LG GIANT  .;14458;NULL;NULL;M000;
10013;MED XTRA LG GIANT  .;NULL;NULL;NULL;M000;
10013;MED YB BEARNAISE   .;15001;NULL;NULL;M000;
10013;MED YB BEARNAISE   .;NULL;NULL;NULL;M000;
10013;MED YB ESPELETTE   .;15002;NULL;NULL;M000;
10013;MED YB ESPELETTE   .;NULL;NULL;NULL;M000;
10013;MED YB ROQUEFORT   .;15003;NULL;NULL;M000;
10013;MED YB ROQUEFORT   .;NULL;NULL;NULL;M000;
10015;MEDIUM FRITE;14149;10045;NULL;P887;
10015;MEDIUM FRITE MOK ;14574;10045;NULL;P887;
10014;MENU MAXI;14248;NULL;NULL;M000;
10013;MENU MEDIUM;14247;NULL;NULL;M000;
10025;MENU OK;14263;NULL;NULL;M000;
10014;MENU SAL MAXI;14250;NULL;NULL;M000;
10013;MENU SAL MEDIUM;14249;NULL;NULL;M000;
10020;MENU TOP;14262;NULL;NULL;M000;
10028;MERCHANDISING;14404;NULL;10810;P902;
10028;MERCHANDISING_DOT;14405;NULL;10810;P902;
10028;MERCHANDISING_DOT;NULL;NULL;NULL;P902;
10031;MERRY SAMOURAI;14654;10193;NULL;PCSQ;
10031;MERRY SAMOURAI;NULL;NULL;NULL;PCSQ;
10031;MERRY SAMOURAI MT;14655;10193;NULL;PCSQ;
10031;MERRY SAMOURAI MT;NULL;NULL;NULL;PCSQ;
10008;MINI CREPES;15041;10272;NULL;PDCQ;
10011;MINI FRITE KIDS    ;14266;10290;NULL;P886;
10011;MINI FRITE KIDS    ;14266;10044;NULL;P886;
10011;MINI FRITE MT   ;14148;10290;NULL;P886;
10011;MINI FRITE MT   ;14148;10044;NULL;P886;
10030;MINI YOP ;14132;NULL;11651;P573;
10009;MIX MANIA LION ;14147;10064;NULL;PCUU;
10009;MIX MANIA M&M;15042;10277;NULL;PDFI;
10009;MIX MANIA SMARTIES ;14146;10060;NULL;PCUV;
10009;MIX MANIA SNICKERS;15043;10276;NULL;PCUW;
10009;MIX MANIA SPECULOOS;14688;10205;NULL;PCUY;
10009;MIX MANIA TWIX;14689;10204;NULL;PCUP;
10036;MM JUS POMMES 20CL;14164;NULL;11322;PCTZ;
10018;MOCHA LZ;14841;10235;NULL;PCXR;
10025;MOK B CURRY KET    .;14560;NULL;NULL;M000;
10025;MOK B CURRY KET    .;NULL;NULL;NULL;M000;
10025;MOK B. SWEET CURRY .;14451;NULL;NULL;M000;
10025;MOK B. SWEET CURRY .;NULL;NULL;NULL;M000;
10025;MOK BEEF BBQ       .;15039;NULL;NULL;M000;
10025;MOK BEEF LVQR      .;14727;NULL;NULL;M000;
10025;MOK BEEF LVQR      .;NULL;NULL;NULL;M000;
10025;MOK BEEF SAMOURAÎ  .;14869;NULL;NULL;M000;
10025;MOK BEEF SAMOURAÎ  .;NULL;NULL;NULL;M000;
10025;MOK CHEESEBURGER   .;14241;NULL;NULL;M000;
10025;MOK DIPS 4         .;14252;NULL;NULL;M000;
10025;MOK HAMBURGER      .;14363;NULL;NULL;M000;
10025;MOK JUNIOR GIANT   .;14547;NULL;NULL;M000;
10025;MOK JUNIOR GIANT   .;NULL;NULL;NULL;M000;
10025;MOK JUNIOR WRAP    .;15111;NULL;NULL;M000;
10025;MOK OK             .;15047;NULL;NULL;M000;
10025;MOK OK OK          .;15048;NULL;NULL;M000;
10020;MT ANDALOUSE MAX   .;14792;NULL;NULL;M000;
10020;MT ANDALOUSE MAX   .;NULL;NULL;NULL;M000;
10020;MT BACON MAX       .;14224;NULL;NULL;M000;
10020;MT BEEF BBQ        .;15040;NULL;NULL;M000;
10020;MT BEEF DIABLO     .;15082;NULL;NULL;M000;
10020;MT BEEF LVQR       .;14728;NULL;NULL;M000;
10020;MT BEEF LVQR       .;NULL;NULL;NULL;M000;
10020;MT BEEF SAMOURAÎ   .;14868;NULL;NULL;M000;
10020;MT BEEF SAMOURAÎ   .;NULL;NULL;NULL;M000;
10020;MT BRETZEL BACON   .;15025;NULL;NULL;M000;
10020;MT BRETZEL PEPPER  .;15024;NULL;NULL;M000;
10020;MT CHEESEBURGER    .;14236;NULL;NULL;M000;
10020;MT CHICKEN DIPS 7  .;14231;NULL;NULL;M000;
10020;MT CHICKEN FILET   .;14228;NULL;NULL;M000;
10020;MT CHICKEN WINGS   .;14233;NULL;NULL;M000;
10020;MT CKN TOM ONION   .;15089;NULL;NULL;M000;
10020;MT FISH N DIPS 4   .;14232;NULL;NULL;M000;
10020;MT FN DIPS/7       .;14968;NULL;NULL;M000;
10020;MT GIANT           .;14227;NULL;NULL;M000;
10020;MT GIANT CHICKEN   .;14619;NULL;NULL;M000;
10020;MT GIANT CHICKEN   .;NULL;NULL;NULL;M000;
10020;MT GIANT FISH      .;14620;NULL;NULL;M000;
10020;MT GIANT FISH      .;NULL;NULL;NULL;M000;
10020;MT GIANT MAX       .;14223;NULL;NULL;M000;
10020;MT HAMBURGER      .;14235;NULL;NULL;M000;
10020;MT HEROS           .;14953;NULL;NULL;M000;
10020;MT HEROS           .;NULL;NULL;NULL;M000;
10020;MT JUNIOR GIANT    .;14558;NULL;NULL;M000;
10020;MT JUNIOR GIANT    .;NULL;NULL;NULL;M000;
10020;MT JUNIOR WRAP     .;15110;NULL;NULL;M000;
10020;MT KING FISH       .;14229;NULL;NULL;M000;
10020;MT PEPPER CRAZY    .;14797;NULL;NULL;M000;
10020;MT PEPPER CRAZY    .;NULL;NULL;NULL;M000;
10020;MT PEPPER MAX      .;15071;NULL;NULL;M000;
10020;MT QNC BEEF        .;14853;NULL;NULL;M000;
10020;MT QNC BEEF        .;NULL;NULL;NULL;M000;
10020;MT QNC CHICK       .;14854;NULL;NULL;M000;
10020;MT QNC CHICK       .;NULL;NULL;NULL;M000;
10020;MT QUICK N TOAST   .;14786;NULL;NULL;M000;
10020;MT SAMOURAI MAX    .;14880;NULL;NULL;M000;
10020;MT SAMOURAI MAX    .;NULL;NULL;NULL;M000;
10020;MT SUPREME BEEF    .;15053;NULL;NULL;M000;
10020;MT SUPREME CHEESE  .;14218;NULL;NULL;M000;
10020;MT SUPREME CHK BBQ .;14391;NULL;NULL;M000;
10020;MT SUPREME CKN     .;15062;NULL;NULL;M000;
10020;MT SUPREME PEPPER .;14393;NULL;NULL;M000;
10020;MT SWEET BEEF      .;14678;NULL;NULL;M000;
10020;MT SWEET BEEF      .;NULL;NULL;NULL;M000;
10020;MT TRIPLE BBQ ONION.;14714;NULL;NULL;M000;
10020;MT TRIPLE BBQ ONION.;NULL;NULL;NULL;M000;
10020;MT TRIPLE BEARNAISE.;14715;NULL;NULL;M000;
10020;MT TRIPLE BEARNAISE.;NULL;NULL;NULL;M000;
10020;MT TRIPLE MUSTARD  .;14716;NULL;NULL;M000;
10020;MT TRIPLE MUSTARD  .;NULL;NULL;NULL;M000;
10020;MT TWIN BEEF       .;14980;NULL;NULL;M000;
10020;MT TWIN BEEF       .;NULL;NULL;NULL;M000;
10020;MT WRAP BAC ONION  .;14919;NULL;NULL;M000;
10020;MT WRAP BAC ONION  .;NULL;NULL;NULL;M000;
10020;MT WRAP CHK CAESAR .;14920;NULL;NULL;M000;
10020;MT WRAP CHK CAESAR .;NULL;NULL;NULL;M000;
10020;MT WRAP CKN GIANT  .;15115;NULL;NULL;M000;
10020;MT WRAP VEGGIE     .;14908;NULL;NULL;M000;
10020;MT WRAP VEGGIE     .;NULL;NULL;NULL;M000;
10020;MT XTRA LG GIANT   .;14460;NULL;NULL;M000;
10020;MT XTRA LG GIANT   .;NULL;NULL;NULL;M000;
10020;MT YB BEARNAISE    .;14995;NULL;NULL;M000;
10020;MT YB BEARNAISE    .;NULL;NULL;NULL;M000;
10020;MT YB ESPELETTE    .;14996;NULL;NULL;M000;
10020;MT YB ESPELETTE    .;NULL;NULL;NULL;M000;
10020;MT YB ROQUEFORT    .;14997;NULL;NULL;M000;
10020;MT YB ROQUEFORT    .;NULL;NULL;NULL;M000;
10020;MTOP CINEMA        .;14293;NULL;NULL;M000;
10020;MTOP CINEMA+1E     .;14294;NULL;NULL;M000;
10008;MUFFIN CHOCO;14807;NULL;11474;PCMN;
10021;MX CINE STUD 12€   .;14434;NULL;NULL;M000;
10021;MX CINE STUD 13€;14435;NULL;NULL;M000;
10021;MX CINE STUD 14€;14436;NULL;NULL;M000;
10021;MX CINE STUD 14€;NULL;NULL;NULL;M000;
10021;MX STUD ANDA MAX   .;14811;NULL;NULL;M000;
10021;MX STUD ANDA MAX   .;NULL;NULL;NULL;M000;
10021;MX STUD BACON MAX  .;14760;NULL;NULL;M000;
10021;MX STUD BBQ ONION  .;14758;NULL;NULL;M000;
10021;MX STUD BBQ ONION  .;NULL;NULL;NULL;M000;
10021;MX STUD BEARNAISE  .;14759;NULL;NULL;M000;
10021;MX STUD BEARNAISE  .;NULL;NULL;NULL;M000;
10021;MX STUD BEEF DIABLO.;15078;NULL;NULL;M000;
10021;MX STUD BRETZ BAC  .;15033;NULL;NULL;M000;
10021;MX STUD BRETZ PEP  .;15032;NULL;NULL;M000;
10021;MX STUD CHICKEN    .;14757;NULL;NULL;M000;
10021;MX STUD CKN TOM ON. ;15093;NULL;NULL;M000;
10021;MX STUD DIPS7      .;14764;NULL;NULL;M000;
10021;MX STUD FISH       .;14761;NULL;NULL;M000;
10021;MX STUD FN DIPS/7 . ;14972;NULL;NULL;M000;
10021;MX STUD GIANT      .;14762;NULL;NULL;M000;
10021;MX STUD GIANT MAX  .;14763;NULL;NULL;M000;
10021;MX STUD HEROS      .;14957;NULL;NULL;M000;
10021;MX STUD HEROS      .;NULL;NULL;NULL;M000;
10021;MX STUD MUSTARD    .;14765;NULL;NULL;M000;
10021;MX STUD MUSTARD    .;NULL;NULL;NULL;M000;
10021;MX STUD PEP CRAZY  .;14814;NULL;NULL;M000;
10021;MX STUD PEP CRAZY  .;NULL;NULL;NULL;M000;
10021;MX STUD PEPPER MAX. ;15075;NULL;NULL;M000;
10021;MX STUD QNC BEEF   .;14861;NULL;NULL;M000;
10021;MX STUD QNC BEEF   .;NULL;NULL;NULL;M000;
10021;MX STUD QNC CHICK  .;14862;NULL;NULL;M000;
10021;MX STUD QNC CHICK  .;NULL;NULL;NULL;M000;
10021;MX STUD SAMOU MAX  .;14884;NULL;NULL;M000;
10021;MX STUD SAMOU MAX  .;NULL;NULL;NULL;M000;
10021;MX STUD SUP BBQ BAC.;14766;NULL;NULL;M000;
10021;MX STUD SUP CHEESE .;14768;NULL;NULL;M000;
10021;MX STUD SUP PEPPER .;14769;NULL;NULL;M000;
10021;MX STUD SUPR BEEF  .;15057;NULL;NULL;M000;
10021;MX STUD SUPR CKN   .;15066;NULL;NULL;M000;
10021;MX STUD TOAST      .;14767;NULL;NULL;M000;
10021;MX STUD TWIN BEEF  .;14984;NULL;NULL;M000;
10021;MX STUD TWIN BEEF  .;NULL;NULL;NULL;M000;
10021;MX STUD WINGS      .;14770;NULL;NULL;M000;
10021;MX STUD WRAP BAC/ON.;14922;NULL;NULL;M000;
10021;MX STUD WRAP BAC/ON.;NULL;NULL;NULL;M000;
10021;MX STUD WRAP CH CAE.;14921;NULL;NULL;M000;
10021;MX STUD WRAP CH CAE.;NULL;NULL;NULL;M000;
10021;MX STUD WRAP CKN G .;15119;NULL;NULL;M000;
10021;MX STUD WRAP VEGGIE.;14909;NULL;NULL;M000;
10021;MX STUD WRAP VEGGIE.;NULL;NULL;NULL;M000;
10021;MX STUD XTRA LG G  .;14875;NULL;NULL;M000;
10021;MX STUD XTRA LG G  .;NULL;NULL;NULL;M000;
10021;MX STUD YB BEA     .;15007;NULL;NULL;M000;
10021;MX STUD YB BEA     .;NULL;NULL;NULL;M000;
10021;MX STUD YB ESPEL   .;15008;NULL;NULL;M000;
10021;MX STUD YB ESPEL   .;NULL;NULL;NULL;M000;
10021;MX STUD YB ROQ     .;15009;NULL;NULL;M000;
10021;MX STUD YB ROQ     .;NULL;NULL;NULL;M000;
10021;MX+ STUD BBQ ONION .;14771;NULL;NULL;M000;
10021;MX+ STUD BBQ ONION .;NULL;NULL;NULL;M000;
10021;MX+ STUD BEARNAISE .;14772;NULL;NULL;M000;
10021;MX+ STUD BEARNAISE .;NULL;NULL;NULL;M000;
10021;MX+ STUD CHICKEN   .;14775;NULL;NULL;M000;
10021;MX+ STUD DIPS7     .;14776;NULL;NULL;M000;
10021;MX+ STUD FISH      .;14777;NULL;NULL;M000;
10021;MX+ STUD GIANT     .;14778;NULL;NULL;M000;
10021;MX+ STUD MUSTARD   .;14779;NULL;NULL;M000;
10021;MX+ STUD MUSTARD   .;NULL;NULL;NULL;M000;
10021;MX+ STUD SUP BBQ BA.;14782;NULL;NULL;M000;
10021;MX+ STUD SUP BBQ BA.;NULL;NULL;NULL;M000;
10021;MX+ STUD SUP CHEESE.;14780;NULL;NULL;M000;
10021;MX+ STUD SUP PEPPER.;14781;NULL;NULL;M000;
10021;MX+ STUD TOAST    .;14783;NULL;NULL;M000;
10021;MX+ STUD WINGS     .;14784;NULL;NULL;M000;
10021;MX+ STUD XTRA LG G .;14876;NULL;NULL;M000;
10021;MX+ STUD XTRA LG G .;NULL;NULL;NULL;M000;
10021;MX+STUD ANDA MAX   .;14812;NULL;NULL;M000;
10021;MX+STUD ANDA MAX   .;NULL;NULL;NULL;M000;
10021;MX+STUD BACON MAX  .;14774;NULL;NULL;M000;
10021;MX+STUD BEEF DIABLO.;15077;NULL;NULL;M000;
10021;MX+STUD BRETZ BAC  .;15035;NULL;NULL;M000;
10021;MX+STUD BRETZ PEP  .;15034;NULL;NULL;M000;
10021;MX+STUD CKN TOM ON .;15094;NULL;NULL;M000;
10021;MX+STUD FN DIPS/7 .;14973;NULL;NULL;M000;
10021;MX+STUD GIANT MAX .;14773;NULL;NULL;M000;
10021;MX+STUD HEROS      .;14958;NULL;NULL;M000;
10021;MX+STUD HEROS      .;NULL;NULL;NULL;M000;
10021;MX+STUD PEP CRAZY  .;14815;NULL;NULL;M000;
10021;MX+STUD PEP CRAZY  .;NULL;NULL;NULL;M000;
10021;MX+STUD PEPPER MAX .;15076;NULL;NULL;M000;
10021;MX+STUD QNC BEEF   .;14863;NULL;NULL;M000;
10021;MX+STUD QNC BEEF   .;NULL;NULL;NULL;M000;
10021;MX+STUD QNC CHICK  .;14864;NULL;NULL;M000;
10021;MX+STUD QNC CHICK  .;NULL;NULL;NULL;M000;
10021;MX+STUD SAMOU MAX  .;14885;NULL;NULL;M000;
10021;MX+STUD SAMOU MAX  .;NULL;NULL;NULL;M000;
10021;MX+STUD SUPR BEEF  .;15058;NULL;NULL;M000;
10021;MX+STUD SUPR CKN   .;15067;NULL;NULL;M000;
10021;MX+STUD TWIN BEEF  .;14985;NULL;NULL;M000;
10021;MX+STUD TWIN BEEF  .;NULL;NULL;NULL;M000;
10021;MX+STUD WRAP BAC/ON.;14923;NULL;NULL;M000;
10021;MX+STUD WRAP BAC/ON.;NULL;NULL;NULL;M000;
10021;MX+STUD WRAP CH CAE.;14924;NULL;NULL;M000;
10021;MX+STUD WRAP CH CAE.;NULL;NULL;NULL;M000;
10021;MX+STUD WRAP CKN G .;15120;NULL;NULL;M000;
10021;MX+STUD WRAP VEGGIE.;14907;NULL;NULL;M000;
10021;MX+STUD WRAP VEGGIE.;NULL;NULL;NULL;M000;
10021;MX+STUD YB BEA     .;15010;NULL;NULL;M000;
10021;MX+STUD YB BEA     .;NULL;NULL;NULL;M000;
10021;MX+STUD YB ESPEL   .;15011;NULL;NULL;M000;
10021;MX+STUD YB ESPEL   .;NULL;NULL;NULL;M000;
10021;MX+STUD YB ROQ     .;15012;NULL;NULL;M000;
10021;MX+STUD YB ROQ     .;NULL;NULL;NULL;M000;
10009;NAPPAGE CARAMEL;14419;NULL;11351;PCID;
10009;NAPPAGE CHOCOLAT;14422;NULL;11349;PCIE;
10009;NAPPAGE FRAISE;14423;NULL;11350;PCIF;
10002;NESTEA 25CL;14389;10131;NULL;PBWR;
10003;NESTEA 35CL;14387;10130;NULL;PBWS;
10004;NESTEA MX;14385;10129;NULL;PBWT;
10004;NESTEA MX;14385;NULL;11892;PBWT;
10029;NL;14674;NULL;NULL;P000;
10025;OK B. ANDALOUSE    .;14499;NULL;NULL;M000;
10025;OK B. ANDALOUSE    .;NULL;NULL;NULL;M000;
10025;OK BEEF PRIMAVERA  .;14586;NULL;NULL;M000;
10025;OK BEEF PRIMAVERA  .;NULL;NULL;NULL;M000;
10025;OK CHEESE DELICE   .;14638;NULL;NULL;M000;
10025;OK CHEESE DELICE   .;NULL;NULL;NULL;M000;
10017;PASTA CHK COLD SLAD;14936;10257;NULL;PDAZ;
10017;PASTA CHK HOT SLA;14935;10258;NULL;PDAY;
10006;PBOX 10 DIPS/5 WINGS;14947;10259;NULL;PDBX;
10006;PBOX 12 WINGS;15104;10289;NULL;PDGM;
10006;PBOX 20 DIPS;15105;10287;NULL;PDGK;
10006;PBOX 20 FND;15106;10288;NULL;PDGN;
10031;PEPPER CRAZY;14795;10214;NULL;PCWY;
10031;PEPPER CRAZY;NULL;NULL;NULL;PCWY;
10031;PEPPER CRAZY MT;14796;10214;NULL;PCWY;
10031;PEPPER CRAZY MT;NULL;NULL;NULL;PCWY;
10038;PEPPER CRAZY STUD;14809;10214;NULL;PCWY;
10038;PEPPER CRAZY STUD;NULL;NULL;NULL;PCWY;
10031;PEPPER MAX;15068;10280;NULL;PDFU;
10031;PEPPER MAX MT;15069;10280;NULL;PDFU;
10038;PEPPER MAX STUD;15070;10280;NULL;PDFU;
10029;PLAIN NATURE;14289;NULL;NULL;P000;
10010;PROMO 2 CHEESE     .;14536;NULL;NULL;P000;
10012;PROMO 2 GIANT      .;14533;NULL;NULL;P000;
10012;PROMO 2 K FISH     .;14534;NULL;NULL;P000;
10012;PROMO 3 GIANT      .;14925;NULL;NULL;P000;
10012;PROMO 4 FISH       .;14962;NULL;NULL;P000;
10012;PROMO 4 GIANT    .  ;14872;NULL;NULL;P000;
10012;PROMO 5 FISH       .;14963;NULL;NULL;P000;
10012;PROMO 5 GIANT      .;14964;NULL;NULL;P000;
10031;QNC BEEF;14847;10240;NULL;PCYC;
10031;QNC BEEF;NULL;NULL;NULL;PCYC;
10031;QNC BEEF MT;14849;10240;NULL;PCYC;
10031;QNC BEEF MT;NULL;NULL;NULL;PCYC;
10038;QNC BEEF STUD;14851;10240;NULL;PCYC;
10038;QNC BEEF STUD;NULL;NULL;NULL;PCYC;
10031;QNC CHICK;14848;10241;NULL;PCYD;
10031;QNC CHICK;NULL;NULL;NULL;PCYD;
10031;QNC CHICK MT;14850;10241;NULL;PCYD;
10031;QNC CHICK MT;NULL;NULL;NULL;PCYD;
10038;QNC CHICK STUD;14852;10241;NULL;PCYD;
10038;QNC CHICK STUD;NULL;NULL;NULL;PCYD;
10031;QUICK'N TOAST;14625;10185;NULL;P368;
10031;QUICK'N TOAST MT;14626;10185;NULL;P368;
10001;SALSA;14112;NULL;10322;PBKL;
10001;SALSA FREE;14521;NULL;10322;PBKL;
10031;SAMOURAI MAX;14877;10244;NULL;PCZD;
10031;SAMOURAI MAX;NULL;NULL;NULL;PCZD;
10031;SAMOURAI MAX MT;14878;10244;NULL;PCZD;
10031;SAMOURAI MAX MT;NULL;NULL;NULL;PCZD;
10038;SAMOURAI MAX STUD;14879;10244;NULL;PCZD;
10038;SAMOURAI MAX STUD;NULL;NULL;NULL;PCZD;
10029;SANS BACON ;14283;NULL;NULL;P000;
10029;SANS CORNICHON ;14535;NULL;NULL;P000;
10029;SANS FROMAGE ;14284;NULL;NULL;P000;
10029;SANS GLACON ;14285;NULL;NULL;P000;
10029;SANS OIGNON ;14286;NULL;NULL;P000;
10029;SANS SALADE ;14287;NULL;NULL;P000;
10029;SANS SAUCE ;14288;NULL;NULL;P000;
10029;SANS TOMATE ;14343;NULL;NULL;P000;
10001;SAUCE FRITE;14113;NULL;10324;PBLU;
10001;SAUCE FRITE FREE;14522;NULL;10324;PBLU;
10023;SHK BANANE 25CL;14672;10200;NULL;PCUG;
10023;SHK BANANE 50CL;14670;10198;NULL;PCUK;
10023;SHK CARAMEL 25CL;14673;10201;NULL;PCUD;
10023;SHK CARAMEL 50CL;14671;10199;NULL;PCUJ;
10023;SHK FRAISE 25CL;14138;10047;NULL;P891;
10023;SHK FRAISE 50CL;14142;10054;NULL;P900;
10023;SHK PEACH 25CL;14948;10253;NULL;PDBU;
10023;SHK PEACH 50CL;14949;10252;NULL;PDBV;
10023;SHK TIRAMISU 25CL;14633;10190;NULL;PCSL;
10023;SHK TIRAMISU 50CL;14632;10189;NULL;PCSM;
10023;SHK VANILLE 25CL;14139;10048;NULL;P892;
10023;SHK VANILLE 50CL;14143;10056;NULL;P919;
10015;SIDE SALAD_PCK;14464;10152;NULL;PCIV;
10005;SIDE SALAD_PCK MX;14465;10152;NULL;PCIV;
10015;SIDE SALAD15;14927;10254;NULL;PDAJ;
10005;SIDE SALAD15 MX;14928;10254;NULL;PDAJ;
10009;SOFTY CARAMEL ;14135;10094;NULL;PCUR;
10009;SOFTY CHOCOLAT ;14134;10051;NULL;PCUS;
10009;SOFTY FRAISE ;14133;10050;NULL;PCUQ;
10002;SPRITE 25CL;14151;10032;NULL;P421;
10003;SPRITE 35CL;14157;10031;NULL;P419;
10004;SPRITE MX;14162;10030;NULL;P418;
10004;SPRITE MX;14162;NULL;10860;P418;
10026;SUCRE GLACE;15044;NULL;10359;PDFX;
10038;SUPREME BBQ BAC STU;14785;10132;NULL;PCAC;
10031;SUPREME BEEF;15050;10278;NULL;PDFK;
10031;SUPREME BEEF MT;15051;10278;NULL;PDFK;
10038;SUPREME BEEF STUD;15052;10278;NULL;PDFK;
10031;SUPREME CHEESE;14572;10169;NULL;PBGO;
10031;SUPREME CHEESE MT;14573;10169;NULL;PBGO;
10038;SUPREME CHEESE STUD;14736;10169;NULL;PBGO;
10031;SUPREME CHK BBQ BAC;14379;10132;NULL;PCAC;
10031;SUPREME CHK BBQ MT;14380;10132;NULL;PCAC;
10031;SUPREME CKN;15059;10279;NULL;PDFL;
10031;SUPREME CKN MT;15060;10279;NULL;PDFL;
10038;SUPREME CKN STUD;15061;10279;NULL;PDFL;
10031;SUPREME PEPPER  ;14383;10134;NULL;PCAG;
10031;SUPREME PEPPER MT;14384;10134;NULL;PCAG;
10038;SUPREME PEPPER STUD;14738;10134;NULL;PCAG;
10031;SWEET BEEF;14676;10202;NULL;PCUO;
10031;SWEET BEEF;NULL;NULL;NULL;PCUO;
10031;SWEET BEEF MT;14677;10202;NULL;PCUO;
10031;SWEET BEEF MT;NULL;NULL;NULL;PCUO;
10029;SWEET BREAK        .;14255;NULL;NULL;M000;
10018;TEA BREAKFAST LZ;14842;10239;NULL;PCXZ;
10018;TEA EARL GREY LZ;14837;10237;NULL;PCXY;
10018;TEA GREEN MINT LZ;14836;10238;NULL;PCYA ;
10018;THE;14171;10037;NULL;P530;
10018;THE;NULL;NULL;NULL;P530;
10019;TOP + PRIME FILLE;14330;10106;NULL;P445;
10019;TOP + PRIME GARC;14446;10106;NULL;P445;
10009;TOPPING SMARTIES MM;14432;NULL;10226;PCIA;
10008;TRIO BEIGNETS CHOCO;14335;NULL;10627;PBXG;
10008;TRIO DONUTS;14604;10181;NULL;PBPA;
10031;TRIPLE BBQ ONION;14708;10208;NULL;PCWH;
10031;TRIPLE BBQ ONION;NULL;NULL;NULL;PCWH;
10031;TRIPLE BBQ ONION MT;14709;10208;NULL;PCWH;
10031;TRIPLE BBQ ONION MT;NULL;NULL;NULL;PCWH;
10038;TRIPLE BBQ ONION STU;14739;10208;NULL;PCWH;
10038;TRIPLE BBQ ONION STU;NULL;NULL;NULL;PCWH;
10031;TRIPLE BEARNAISE;14710;10209;NULL;PCWJ;
10031;TRIPLE BEARNAISE;NULL;NULL;NULL;PCWJ;
10031;TRIPLE BEARNAISE MT;14711;10209;NULL;PCWJ;
10031;TRIPLE BEARNAISE MT;NULL;NULL;NULL;PCWJ;
10038;TRIPLE BEARNAISE STU;14740;10209;NULL;PCWJ;
10038;TRIPLE BEARNAISE STU;NULL;NULL;NULL;PCWJ;
10031;TRIPLE MUSTARD;14712;10210;NULL;PCWI;
10031;TRIPLE MUSTARD;NULL;NULL;NULL;PCWI;
10031;TRIPLE MUSTARD MT;14713;10210;NULL;PCWI;
10031;TRIPLE MUSTARD MT;NULL;NULL;NULL;PCWI;
10038;TRIPLE MUSTARD STUD;14741;10210;NULL;PCWI;
10038;TRIPLE MUSTARD STUD;NULL;NULL;NULL;PCWI;
10031;TWIN BEEF;14977;10264;NULL;PDCX;
10031;TWIN BEEF;NULL;NULL;NULL;PDCX;
10031;TWIN BEEF MT;14978;10264;NULL;PDCX;
10031;TWIN BEEF MT;NULL;NULL;NULL;PDCX;
10038;TWIN BEEF STUD;14979;10264;NULL;PDCX;
10038;TWIN BEEF STUD;NULL;NULL;NULL;PDCX;
10001;VIN BALSAMICO;14115;NULL;10269;PBEA;
10001;VIN BALSAMICO N;14945;NULL;11670;PDBG;
10001;VIN BALSAMICO N FREE;14946;NULL;11670;PDBG;
10001;VIN BALSAMIQUE FREE;14524;NULL;10269;PBEA;
10001;VIN CIBOULETTE;14943;NULL;11659;PDBF;
10001;VIN CIBOULETTE FREE;14944;NULL;11659;PDBF;
10001;VIN MOUTARDE;14116;NULL;10268;PBEB;
10001;VIN MOUTARDE FREE;14523;NULL;10268;PBEB;
10001;VIN OLIVE CITRON;14941;NULL;11660;PDBE;
10001;VIN OLIVE CITRON FRE;14942;NULL;11660;PDBE;
10035;WHIPPED CREAM;14843;NULL;11514;PCYB;
10006;WINGS;14101;10016;NULL;P155;
10006;WINGS MT;14309;10016;NULL;P155;
10037;WINGS STUD;14742;10016;NULL;P155;
10038;WRAP BAC ONION STUD;14906;10249;NULL;PCZS;
10038;WRAP BAC ONION STUD;NULL;NULL;NULL;PCZS;
10031;WRAP BAC/ONION MT;14905;10249;NULL;PCZS;
10031;WRAP BAC/ONION MT;NULL;NULL;NULL;PCZS;
10031;WRAP BACON ONION;14901;10249;NULL;PCZS;
10031;WRAP BACON ONION;NULL;NULL;NULL;PCZS;
10031;WRAP CHCK CAESAR;14902;10250;NULL;PCZT;
10031;WRAP CHCK CAESAR;NULL;NULL;NULL;PCZT;
10038;WRAP CHK CAESAR STUD;14903;10250;NULL;PCZT;
10038;WRAP CHK CAESAR STUD;NULL;NULL;NULL;PCZT;
10031;WRAP CHK CEASAR MT;14904;10250;NULL;PCZT;
10031;WRAP CHK CEASAR MT;NULL;NULL;NULL;PCZT;
10031;WRAP CKN GIANT;15112;10292;NULL;PDDI;
10031;WRAP CKN GIANT MT;15113;10292;NULL;PDDI;
10038;WRAP CKN GIANT STUD;15114;10292;NULL;PDDI;
10031;WRAP VEGGIE;14898;10251;NULL;PCZU;
10031;WRAP VEGGIE;NULL;NULL;NULL;PCZU;
10031;WRAP VEGGIE MT;14899;10251;NULL;PCZU;
10031;WRAP VEGGIE MT;NULL;NULL;NULL;PCZU;
10038;WRAP VEGGIE STUD;14900;10251;NULL;PCZU;
10038;WRAP VEGGIE STUD;NULL;NULL;NULL;PCZU;
10012;XTRA LG GIANT;14459;10153;NULL;PAKP;
10012;XTRA LG GIANT;NULL;NULL;NULL;PAKP;
10012;XTRA LG GIANT MT;14461;10153;NULL;PAKP;
10012;XTRA LG GIANT MT;NULL;NULL;NULL;PAKP;
10037;XTRA LG GIANT STUD;14873;10153;NULL;PAKP;
10037;XTRA LG GIANT STUD;NULL;NULL;NULL;PAKP;
10035;YAOURT FRAISE;14129;10069;NULL;PBHY;
10031;YB BEARNAISE;14986;10267;NULL;PDED;
10031;YB BEARNAISE;NULL;NULL;NULL;PDED;
10031;YB BEARNAISE MT;14989;10267;NULL;PDED;
10031;YB BEARNAISE MT;NULL;NULL;NULL;PDED;
10038;YB BEARNAISE STUD;14990;10267;NULL;PDED;
10038;YB BEARNAISE STUD;NULL;NULL;NULL;PDED;
10031;YB ESPELETTE;14987;10268;NULL;PDEE;
10031;YB ESPELETTE;NULL;NULL;NULL;PDEE;
10031;YB ESPELETTE MT;14991;10268;NULL;PDEE;
10031;YB ESPELETTE MT;NULL;NULL;NULL;PDEE;
10038;YB ESPELETTE STUD;14992;10268;NULL;PDEE;
10038;YB ESPELETTE STUD;NULL;NULL;NULL;PDEE;
10031;YB ROQUEFORT ;14988;10269;NULL;PDEF;
10031;YB ROQUEFORT ;NULL;NULL;NULL;PDEF;
10031;YB ROQUEFORT MT;14993;10269;NULL;PDEF;
10031;YB ROQUEFORT MT;NULL;NULL;NULL;PDEF;
10038;YB ROQUEFORT STUD;14994;10269;NULL;PDEF;
10038;YB ROQUEFORT STUD;NULL;NULL;NULL;PDEF;
10030;YOP;14130;NULL;11650;P608;
10002;ZERO 25CL;14154;10098;NULL;PTAE;
10002;ZERO 25CL;14154;NULL;11894;PTAE;
10003;ZERO 35CL;14159;10099;NULL;PTAF;
10004;ZERO MX;14163;10100;NULL;PTAG;
10004;ZERO MX;14163;NULL;10856;PTAG;
