ID de la Recette;Nom de recette;Quantité;Unité Usage;ID Item Inventaire;
10001;RC COUV. 25Cl;0,5;PIECE;10003;
10002;RC COL GIANT BLANC;1;PIECE;10026;
10003;[RC PLAC. NAT FR;1;PIECE;10093;
10004;RC PRIME TOP;1;PIECE;10438;
10005;RC PRIME BOX;1;PIECE;10437;
10006;RC SUCRE SACHET;0,33;PIECE;10133;
10291;MAXI FRITE DEL;1;PIECE;11617;
10288;PARTYBOX 20 FND DEL;20;PIECE;11737;
10288;PARTYBOX 20 FND DEL;1;PIECE;11725;
10289;PARTY BOX WINGS DEL;12;PIECE;10154;
10289;PARTY BOX WINGS DEL;2;PIECE;10011;
10289;PARTY BOX WINGS DEL;1;PIECE;11725;
10290;SMALL FRITE DEL;1;PIECE;11641;
10286;CHICKEN TOMATO ONION;2;PIECE;10343;
10286;CHICKEN TOMATO ONION;1;PIECE;10384;
10286;CHICKEN TOMATO ONION;1;PIECE;11832;
10286;CHICKEN TOMATO ONION;1;PIECE;11476;
10287;PARTYBOX 20 DIPS DEL;20;PIECE;11402;
10287;PARTYBOX 20 DIPS DEL;1;PIECE;11725;
10285;BEEF DIABLO;2;PIECE;10343;
10285;BEEF DIABLO;1;PIECE;11882;
10285;BEEF DIABLO;1;PIECE;10374;
10285;BEEF DIABLO;1;PIECE;11476;
10285;BEEF DIABLO;1;PIECE;11101;
10286;CHICKEN TOMATO ONION;1;PIECE;11150;
10283;TEST GIANT MAX;1;PIECE;11476;
10284;CHEESE N TOAST;2;PIECE;11476;
10284;CHEESE N TOAST;1;PIECE;10374;
10284;CHEESE N TOAST;1;PIECE;11883;
10284;CHEESE N TOAST;2;PIECE;11890;
10284;CHEESE N TOAST;2;PIECE;10340;
10282;TEST BACON MAX ;3;PIECE;11076;
10282;TEST BACON MAX ;1;PIECE;10384;
10283;TEST GIANT MAX;1;PIECE;10385;
10283;TEST GIANT MAX;1;PIECE;11615;
10283;TEST GIANT MAX;1;PIECE;11747;
10283;TEST GIANT MAX;1;PIECE;11830;
10281;TEST CHICKEN FILET;1;PIECE;10966;
10281;TEST CHICKEN FILET;1;PIECE;11476;
10281;TEST CHICKEN FILET;1;PIECE;10942;
10282;TEST BACON MAX ;1;PIECE;11746;
10282;TEST BACON MAX ;1;PIECE;11830;
10282;TEST BACON MAX ;1;PIECE;11476;
10280;TEST PEPPER MAX ;1;PIECE;10384;
10280;TEST PEPPER MAX ;1;PIECE;11830;
10280;TEST PEPPER MAX ;1;PIECE;11476;
10280;TEST PEPPER MAX ;1;PIECE;10343;
10280;TEST PEPPER MAX ;1;PIECE;11615;
10281;TEST CHICKEN FILET;1;PIECE;11724;
10279;TEST SUPREME CHICKEN;2;PIECE;11827;
10279;TEST SUPREME CHICKEN;2;PIECE;10343;
10279;TEST SUPREME CHICKEN;2;PIECE;11076;
10279;TEST SUPREME CHICKEN;1;PIECE;11832;
10279;TEST SUPREME CHICKEN;1;PIECE;10807;
10280;TEST PEPPER MAX ;1;PIECE;10573;
10278;TEST SUPREME BEEF ;2;PIECE;11827;
10278;TEST SUPREME BEEF ;2;PIECE;10340;
10278;TEST SUPREME BEEF ;1;PIECE;11831;
10278;TEST SUPREME BEEF ;1;PIECE;11723;
10278;TEST SUPREME BEEF ;2;PIECE;10343;
10279;TEST SUPREME CHICKEN;1;PIECE;11840;
10276;MIX MANIA SNICKERS;1;PIECE;10330;
10276;MIX MANIA SNICKERS;1;PIECE;11356;
10277;MIX MANIA M&M;1;PIECE;11750;
10277;MIX MANIA M&M;1;PIECE;10330;
10277;MIX MANIA M&M;1;PIECE;11356;
10278;TEST SUPREME BEEF ;1;PIECE;11840;
10274;QUICK N BRETZEL BAC;1;PIECE;11150;
10275;BEEF BBQ;1;PIECE;11843;
10275;BEEF BBQ;1;PIECE;10344;
10275;BEEF BBQ;1;PIECE;10942;
10275;BEEF BBQ;1;PIECE;11476;
10276;MIX MANIA SNICKERS;1;PIECE;11750;
10273;QUICK N BRETZEL PEPP;1;PIECE;11830;
10273;QUICK N BRETZEL PEPP;1;PIECE;11101;
10274;QUICK N BRETZEL BAC;1;PIECE;11839;
10274;QUICK N BRETZEL BAC;1;PIECE;11476;
10274;QUICK N BRETZEL BAC;1;PIECE;11830;
10274;QUICK N BRETZEL BAC;2;PIECE;11076;
10272;MINI CRÊPES;3;PIECE;11836;
10272;MINI CRÊPES;1;PIECE;10565;
10272;MINI CRÊPES;1;PIECE;11816;
10272;MINI CRÊPES;1;PIECE;10336;
10273;QUICK N BRETZEL PEPP;1;PIECE;11839;
10273;QUICK N BRETZEL PEPP;1;PIECE;11827;
10269;YOUBURGER ROQUEFORT;1;PIECE;11796;
10269;YOUBURGER ROQUEFORT;1;PIECE;10869;
10270;CHEESY TRIO WINT/20;20;PIECE;11790;
10270;CHEESY TRIO WINT/20;1;PIECE;11721;
10271;CHEESY TRIO WINTER/6;6;PIECE;11790;
10271;CHEESY TRIO WINTER/6;1;PIECE;10556;
10268;YOUBURGER ESPELETTE;1;PIECE;10374;
10268;YOUBURGER ESPELETTE;1;PIECE;11796;
10268;YOUBURGER ESPELETTE;1;PIECE;11101;
10269;YOUBURGER ROQUEFORT;1;PIECE;11795;
10269;YOUBURGER ROQUEFORT;1;PIECE;11476;
10269;YOUBURGER ROQUEFORT;1;PIECE;10374;
10267;YOUBURGER BEARNAISE;1;PIECE;11476;
10267;YOUBURGER BEARNAISE;1;PIECE;10374;
10267;YOUBURGER BEARNAISE;1;PIECE;11796;
10267;YOUBURGER BEARNAISE;1;PIECE;11150;
10268;YOUBURGER ESPELETTE;1;PIECE;11795;
10268;YOUBURGER ESPELETTE;1;PIECE;11476;
10264;TWIN BEEF;1;PIECE;11742;
10265;FN DIPS3;1;PIECE;11038;
10265;FN DIPS3;3;PIECE;11737;
10266;FN DIPS7;1;PIECE;11362;
10266;FN DIPS7;7;PIECE;11737;
10267;YOUBURGER BEARNAISE;1;PIECE;11795;
10263;CRUMBLE FRAISE;1;PIECE;11586;
10263;CRUMBLE FRAISE;1;PIECE;11712;
10263;CRUMBLE FRAISE;1;PIECE;10330;
10264;TWIN BEEF;1;PIECE;11740;
10264;TWIN BEEF;2;PIECE;11479;
10264;TWIN BEEF;2;PIECE;10379;
10260;BURGER HEROS;1;PIECE;11476;
10260;BURGER HEROS;1;PIECE;11713;
10261;CHEESY PHILADEL/20 ;20;PIECE;11711;
10261;CHEESY PHILADEL/20 ;1;PIECE;11721;
10262;CHEESY PHILADEL/6;6;PIECE;11711;
10262;CHEESY PHILADEL/6;1;PIECE;10556;
10259;PARTY BOX;1;PIECE;10011;
10259;PARTY BOX;5;PIECE;10154;
10259;PARTY BOX;1;PIECE;11725;
10260;BURGER HEROS;1;PIECE;10385;
10260;BURGER HEROS;1;PIECE;10343;
10260;BURGER HEROS;2;PIECE;10379;
10257;PASTA BC CHKN COLD;1;PIECE;10336;
10257;PASTA BC CHKN COLD;1;PIECE;11676;
10258;PASTA BC CHKN HOT;1;PIECE;10336;
10258;PASTA BC CHKN HOT;1;PIECE;11676;
10258;PASTA BC CHKN HOT;1;PIECE;10966;
10259;PARTY BOX;10;PIECE;11402;
10254;SIDE SALAD 15;1;PIECE;11658;
10255;CHE PECAN CHKN HOT;1;PIECE;10336;
10255;CHE PECAN CHKN HOT;1;PIECE;11657;
10255;CHE PECAN CHKN HOT;1;PIECE;10966;
10256;CHE PECAN CHKN COLD;1;PIECE;10336;
10256;CHE PECAN CHKN COLD;1;PIECE;11657;
10252;SHK MAXI PEACH;1;PIECE;11326;
10252;SHK MAXI PEACH;1;PIECE;11477;
10253;SHK MED PEACH;1;PIECE;10299;
10253;SHK MED PEACH;1;PIECE;11326;
10253;SHK MED PEACH;1;PIECE;11477;
10254;SIDE SALAD 15;1;PIECE;10336;
10249;WRAP BAC/ONION;1;PIECE;11599;
10250;WRAP CHICKEN CAESAR;1;PIECE;11593;
10250;WRAP CHICKEN CAESAR;1;PIECE;11599;
10251;WRAP VEGGIE;1;PIECE;11593;
10251;WRAP VEGGIE;1;PIECE;11599;
10252;SHK MAXI PEACH;1;PIECE;10542;
10248;MEGA MAX GIANT;1;PIECE;11476;
10248;MEGA MAX GIANT;3;PIECE;10379;
10248;MEGA MAX GIANT;1;PIECE;11483;
10248;MEGA MAX GIANT;1;PIECE;11150;
10249;WRAP BAC/ONION;5;PIECE;11076;
10249;WRAP BAC/ONION;1;PIECE;11593;
10246;CHEESY TRIO 6 PCS;1;PIECE;10556;
10246;CHEESY TRIO 6 PCS;6;PIECE;11587;
10247;CRUMBLE DEL'ICE;1;PIECE;11585;
10247;CRUMBLE DEL'ICE;1;PIECE;11586;
10247;CRUMBLE DEL'ICE;1;PIECE;10330;
10248;MEGA MAX GIANT;1;PIECE;10385;
10244;CH.SAMOURAI MAX;1;PIECE;10385;
10244;CH.SAMOURAI MAX;1;PIECE;11476;
10244;CH.SAMOURAI MAX;1;PIECE;11125;
10244;CH.SAMOURAI MAX;1;PIECE;11150;
10245;CHEESY TRIO 20 PCS;1;PIECE;10403;
10245;CHEESY TRIO 20 PCS;20;PIECE;11587;
10242;BEEF SAMOURAI;1;PIECE;10344;
10242;BEEF SAMOURAI;1;PIECE;11479;
10242;BEEF SAMOURAI;1;PIECE;10900;
10243;BROWNIE DEL'ICE;1;PIECE;11535;
10243;BROWNIE DEL'ICE;1;PIECE;10330;
10243;BROWNIE DEL'ICE;1;PIECE;11586;
10241;QNC CHICKEN;1;PIECE;11531;
10241;QNC CHICKEN;1;PIECE;11483;
10241;QNC CHICKEN;1;PIECE;11150;
10241;QNC CHICKEN;1;PIECE;11125;
10241;QNC CHICKEN;1;PIECE;11476;
10242;BEEF SAMOURAI;1;PIECE;10942;
10239;TEA BKF/YELLOW LZ;1;PIECE;10240;
10240;QNC BEEF;1;PIECE;11531;
10240;QNC BEEF;1;PIECE;10374;
10240;QNC BEEF;1;PIECE;11476;
10240;QNC BEEF;1;PIECE;11483;
10240;QNC BEEF;1;PIECE;11101;
10239;TEA BKF/YELLOW LZ;1;PIECE;11489;
10239;TEA BKF/YELLOW LZ;1;PIECE;10107;
10239;TEA BKF/YELLOW LZ;1;PIECE;11771;
10239;TEA BKF/YELLOW LZ;1;PIECE;10092;
10239;TEA BKF/YELLOW LZ;1;PIECE;11495;
10239;TEA BKF/YELLOW LZ;1;PIECE;10133;
10238;TEA MINTGREEN LZ;1;PIECE;10107;
10238;TEA MINTGREEN LZ;1;PIECE;11771;
10238;TEA MINTGREEN LZ;1;PIECE;10092;
10238;TEA MINTGREEN LZ;1;PIECE;10240;
10239;TEA BKF/YELLOW LZ;1;PIECE;11513;
10239;TEA BKF/YELLOW LZ;1;PIECE;11499;
10237;TEA EARL GREY LZ;1;PIECE;10240;
10238;TEA MINTGREEN LZ;1;PIECE;11495;
10238;TEA MINTGREEN LZ;1;PIECE;11513;
10238;TEA MINTGREEN LZ;1;PIECE;10133;
10238;TEA MINTGREEN LZ;1;PIECE;11507;
10238;TEA MINTGREEN LZ;1;PIECE;11499;
10237;TEA EARL GREY LZ;1;PIECE;10092;
10237;TEA EARL GREY LZ;1;PIECE;11495;
10237;TEA EARL GREY LZ;1;PIECE;11771;
10237;TEA EARL GREY LZ;1;PIECE;10133;
10237;TEA EARL GREY LZ;1;PIECE;11513;
10237;TEA EARL GREY LZ;1;PIECE;11499;
10236;LATTE VANILLE LZ;1;PIECE;11495;
10236;LATTE VANILLE LZ;1;PIECE;11771;
10236;LATTE VANILLE LZ;1;PIECE;11499;
10236;LATTE VANILLE LZ;1;PIECE;10240;
10237;TEA EARL GREY LZ;1;PIECE;10107;
10237;TEA EARL GREY LZ;1;PIECE;11773;
10235;MOCCHA LZ;1;PIECE;11771;
10235;MOCCHA LZ;1;PIECE;11495;
10235;MOCCHA LZ;1;PIECE;10133;
10235;MOCCHA LZ;1;PIECE;11499;
10235;MOCCHA LZ;1;PIECE;10240;
10236;LATTE VANILLE LZ;1;PIECE;10133;
10234;ESPRESSO LZ;1;PIECE;10107;
10234;ESPRESSO LZ;1;PIECE;11769;
10234;ESPRESSO LZ;1;PIECE;11495;
10234;ESPRESSO LZ;1;PIECE;10133;
10234;ESPRESSO LZ;1;PIECE;11497;
10234;ESPRESSO LZ;1;PIECE;10240;
10232;LATTE CARAMEL LZ;1;PIECE;10240;
10233;LATTE LZ;1;PIECE;10133;
10233;LATTE LZ;1;PIECE;11771;
10233;LATTE LZ;1;PIECE;11495;
10233;LATTE LZ;1;PIECE;11499;
10233;LATTE LZ;1;PIECE;10240;
10231;COFFEE LONG LZ;1;PIECE;11770;
10231;COFFEE LONG LZ;1;PIECE;10240;
10232;LATTE CARAMEL LZ;1;PIECE;11771;
10232;LATTE CARAMEL LZ;1;PIECE;11495;
10232;LATTE CARAMEL LZ;1;PIECE;10133;
10232;LATTE CARAMEL LZ;1;PIECE;11499;
10230;CAPPUCCINO LZ;1;PIECE;11771;
10230;CAPPUCCINO LZ;1;PIECE;10240;
10231;COFFEE LONG LZ;1;PIECE;11495;
10231;COFFEE LONG LZ;1;PIECE;10133;
10231;COFFEE LONG LZ;1;PIECE;11498;
10231;COFFEE LONG LZ;1;PIECE;10107;
10229;CHOCOLAT LZ;1;PIECE;10133;
10229;CHOCOLAT LZ;1;PIECE;11771;
10229;CHOCOLAT LZ;1;PIECE;10240;
10230;CAPPUCCINO LZ;1;PIECE;11495;
10230;CAPPUCCINO LZ;1;PIECE;10133;
10230;CAPPUCCINO LZ;1;PIECE;11499;
10228;THE ENGLISH SBC;1;PIECE;11495;
10228;THE ENGLISH SBC;1;PIECE;10107;
10228;THE ENGLISH SBC;1;PIECE;11494;
10228;THE ENGLISH SBC;1;PIECE;11500;
10229;CHOCOLAT LZ;1;PIECE;11495;
10227;THE REFRESH SBC;1;PIECE;11493;
10227;THE REFRESH SBC;1;PIECE;11491;
10228;THE ENGLISH SBC;1;PIECE;11491;
10228;THE ENGLISH SBC;1;PIECE;10092;
10228;THE ENGLISH SBC;1;PIECE;11493;
10228;THE ENGLISH SBC;1;PIECE;10133;
10227;THE REFRESH SBC;1;PIECE;11502;
10227;THE REFRESH SBC;1;PIECE;10133;
10227;THE REFRESH SBC;1;PIECE;10107;
10227;THE REFRESH SBC;1;PIECE;11494;
10227;THE REFRESH SBC;1;PIECE;11495;
10227;THE REFRESH SBC;1;PIECE;10092;
10225;THE EARL GREY SBC;1;PIECE;10092;
10225;THE EARL GREY SBC;1;PIECE;10133;
10226;[MOCCHA SBC;1;PIECE;10133;
10226;[MOCCHA SBC;1;PIECE;11494;
10226;[MOCCHA SBC;1;PIECE;11495;
10226;[MOCCHA SBC;1;PIECE;11491;
10225;THE EARL GREY SBC;1;PIECE;11495;
10225;THE EARL GREY SBC;1;PIECE;11494;
10225;THE EARL GREY SBC;1;PIECE;11493;
10225;THE EARL GREY SBC;1;PIECE;11501;
10225;THE EARL GREY SBC;1;PIECE;11491;
10225;THE EARL GREY SBC;1;PIECE;10107;
10223;[LATTE VANILLE SBC;1;PIECE;11494;
10223;[LATTE VANILLE SBC;1;PIECE;11491;
10224;[LATTE HENRY SBC;1;PIECE;11495;
10224;[LATTE HENRY SBC;1;PIECE;11494;
10224;[LATTE HENRY SBC;1;PIECE;10133;
10224;[LATTE HENRY SBC;1;PIECE;11491;
10222;[LATTE CARAMEL SBC;1;PIECE;11495;
10222;[LATTE CARAMEL SBC;1;PIECE;11494;
10222;[LATTE CARAMEL SBC;1;PIECE;10133;
10222;[LATTE CARAMEL SBC;1;PIECE;11491;
10223;[LATTE VANILLE SBC;1;PIECE;11495;
10223;[LATTE VANILLE SBC;1;PIECE;10133;
10220;[COFFEE HENRY SBC;1;PIECE;10133;
10221;ESPRESSO SBC;1;PIECE;11495;
10221;ESPRESSO SBC;1;PIECE;11490;
10221;ESPRESSO SBC;1;PIECE;10133;
10221;ESPRESSO SBC;1;PIECE;11509;
10221;ESPRESSO SBC;1;PIECE;10107;
10219;[CAPPUCCINO SBC;1;PIECE;11494;
10219;[CAPPUCCINO SBC;1;PIECE;11495;
10220;[COFFEE HENRY SBC;1;PIECE;11512;
10220;[COFFEE HENRY SBC;1;PIECE;10107;
10220;[COFFEE HENRY SBC;1;PIECE;11495;
10220;[COFFEE HENRY SBC;1;PIECE;11511;
10218;[CHOCOLAT SBC;1;PIECE;10133;
10218;[CHOCOLAT SBC;1;PIECE;11491;
10218;[CHOCOLAT SBC;1;PIECE;11494;
10218;[CHOCOLAT SBC;1;PIECE;11495;
10219;[CAPPUCCINO SBC;1;PIECE;10133;
10219;[CAPPUCCINO SBC;1;PIECE;11491;
10217;AMERICANO SBC;1;PIECE;11491;
10217;AMERICANO SBC;1;PIECE;11494;
10217;AMERICANO SBC;1;PIECE;11495;
10217;AMERICANO SBC;1;PIECE;10133;
10217;AMERICANO SBC;1;PIECE;10107;
10217;AMERICANO SBC;1;PIECE;11493;
10214;PEPPER CRAZY;1;PIECE;11150;
10215;DONUT CHOCO 14;1;PIECE;11473;
10215;DONUT CHOCO 14;1;PIECE;10086;
10216;CHURROS /10;10;PIECE;10277;
10216;CHURROS /10;1;PIECE;10359;
10216;CHURROS /10;1;PIECE;11715;
10213;MEGA MAX BBQ BACON;1;PIECE;10385;
10213;MEGA MAX BBQ BACON;1;PIECE;11483;
10214;PEPPER CRAZY;1;PIECE;11475;
10214;PEPPER CRAZY;2;PIECE;10343;
10214;PEPPER CRAZY;1;PIECE;11476;
10214;PEPPER CRAZY;1;PIECE;11125;
10212;ANDALOUSE MAX;1;PIECE;11476;
10212;ANDALOUSE MAX;1;PIECE;11101;
10213;MEGA MAX BBQ BACON;1;PIECE;11101;
10213;MEGA MAX BBQ BACON;2;PIECE;11476;
10213;MEGA MAX BBQ BACON;2;PIECE;11076;
10213;MEGA MAX BBQ BACON;3;PIECE;10379;
10211;BEEF LVQR;1;PIECE;10942;
10211;BEEF LVQR;1;PIECE;10344;
10211;BEEF LVQR;1;PIECE;10265;
10211;BEEF LVQR;1;PIECE;10900;
10212;ANDALOUSE MAX;1;PIECE;10384;
10212;ANDALOUSE MAX;2;PIECE;10379;
10209;TRIPLE BEARNAISE;1;PIECE;11440;
10210;TRIPLE MUSTARD;1;PIECE;10942;
10210;TRIPLE MUSTARD;2;PIECE;10265;
10210;TRIPLE MUSTARD;3;PIECE;10344;
10210;TRIPLE MUSTARD;1;PIECE;11445;
10210;TRIPLE MUSTARD;1;PIECE;11440;
10208;TRIPLE BBQ ONION;1;PIECE;11445;
10208;TRIPLE BBQ ONION;1;PIECE;11440;
10209;TRIPLE BEARNAISE;1;PIECE;10942;
10209;TRIPLE BEARNAISE;2;PIECE;10265;
10209;TRIPLE BEARNAISE;3;PIECE;10344;
10209;TRIPLE BEARNAISE;1;PIECE;11445;
10207;GIANT MAX CHICKEN;1;PIECE;10678;
10207;GIANT MAX CHICKEN;1;PIECE;11125;
10207;GIANT MAX CHICKEN;1;PIECE;11150;
10208;TRIPLE BBQ ONION;1;PIECE;10942;
10208;TRIPLE BBQ ONION;2;PIECE;10265;
10208;TRIPLE BBQ ONION;3;PIECE;10344;
10205;MIX MANIA SPECULOOS;1;PIECE;10330;
10206;GIANT MAX SPICY;1;PIECE;11101;
10206;GIANT MAX SPICY;1;PIECE;11396;
10206;GIANT MAX SPICY;1;PIECE;10678;
10206;GIANT MAX SPICY;2;PIECE;10379;
10207;GIANT MAX CHICKEN;1;PIECE;10385;
10203;HOT CHICKEN;1;PIECE;11123;
10204;MIX MANIA TWIX;1;PIECE;11359;
10204;MIX MANIA TWIX;1;PIECE;11356;
10204;MIX MANIA TWIX;1;PIECE;10330;
10205;MIX MANIA SPECULOOS;1;PIECE;11750;
10205;MIX MANIA SPECULOOS;1;PIECE;11356;
10202;SWEET BEEF;2;PIECE;10344;
10202;SWEET BEEF;1;PIECE;11124;
10203;HOT CHICKEN;1;PIECE;11353;
10203;HOT CHICKEN;1;PIECE;10678;
10203;HOT CHICKEN;1;PIECE;11128;
10203;HOT CHICKEN;2;PIECE;10343;
10200;SHK MED BANANE;1;PIECE;11477;
10201;SHK MED CARAMEL;1;PIECE;11326;
10201;SHK MED CARAMEL;1;PIECE;10299;
10201;SHK MED CARAMEL;1;PIECE;11477;
10202;SWEET BEEF;1;PIECE;11353;
10202;SWEET BEEF;2;PIECE;11344;
10198;SHK MAXI BANANE;1;PIECE;11477;
10199;SHK MAXI CARAMEL;1;PIECE;11326;
10199;SHK MAXI CARAMEL;1;PIECE;10542;
10199;SHK MAXI CARAMEL;1;PIECE;11477;
10200;SHK MED BANANE;1;PIECE;11326;
10200;SHK MED BANANE;1;PIECE;10299;
10197;CHEESE MAX;1;PIECE;11354;
10197;CHEESE MAX;2;PIECE;10379;
10197;CHEESE MAX;2;PIECE;10678;
10197;CHEESE MAX;2;PIECE;10340;
10198;SHK MAXI BANANE;1;PIECE;11326;
10198;SHK MAXI BANANE;1;PIECE;10542;
10194;BEEF CHEDDAR;1;PIECE;11150;
10195;CRISPY CHEESY/6;6;PIECE;11284;
10195;CRISPY CHEESY/6;1;PIECE;10556;
10196;CRISPY CHEESY/20;20;PIECE;11284;
10196;CRISPY CHEESY/20;1;PIECE;10403;
10197;CHEESE MAX;1;PIECE;10385;
10193;MERRY SAMOURAÏ;1;PIECE;10678;
10193;MERRY SAMOURAÏ;1;PIECE;11125;
10193;MERRY SAMOURAÏ;1;PIECE;11150;
10194;BEEF CHEDDAR;1;PIECE;11283;
10194;BEEF CHEDDAR;2;PIECE;10379;
10194;BEEF CHEDDAR;2;PIECE;10678;
10192;HAPPY PEPPER;1;PIECE;10343;
10192;HAPPY PEPPER;1;PIECE;10678;
10192;HAPPY PEPPER;2;PIECE;10379;
10192;HAPPY PEPPER;1;PIECE;11101;
10193;MERRY SAMOURAÏ;1;PIECE;11260;
10193;MERRY SAMOURAÏ;1;PIECE;10343;
10189;SHK MAXI TIRAMISU;1;PIECE;11477;
10190;SHK MED TIRAMISU;1;PIECE;11326;
10190;SHK MED TIRAMISU;1;PIECE;11477;
10190;SHK MED TIRAMISU;1;PIECE;10299;
10191;RC TOAST;1,2;PIECE;11203;
10192;HAPPY PEPPER;1;PIECE;11260;
10188;CHEESE DELICE;1;PIECE;10942;
10188;CHEESE DELICE;1;PIECE;10344;
10188;CHEESE DELICE;1;PIECE;10265;
10188;CHEESE DELICE;1;PIECE;10900;
10189;SHK MAXI TIRAMISU;1;PIECE;11326;
10189;SHK MAXI TIRAMISU;1;PIECE;10542;
10186;CRISPY BACON BEEF;1;PIECE;11215;
10187;CRISPY BACON CHICKEN;1;PIECE;10947;
10187;CRISPY BACON CHICKEN;2;PIECE;11076;
10187;CRISPY BACON CHICKEN;1;PIECE;10678;
10187;CRISPY BACON CHICKEN;1;PIECE;11128;
10187;CRISPY BACON CHICKEN;1;PIECE;11123;
10185;QUICK N TOAST ;2;PIECE;11076;
10185;QUICK N TOAST ;2;PIECE;10343;
10186;CRISPY BACON BEEF;1;PIECE;10947;
10186;CRISPY BACON BEEF;2;PIECE;11076;
10186;CRISPY BACON BEEF;1;PIECE;10678;
10186;CRISPY BACON BEEF;2;PIECE;10344;
10184;GIANT CHICKEN;1;PIECE;10026;
10184;GIANT CHICKEN;1;PIECE;11201;
10185;QUICK N TOAST ;1;PIECE;11674;
10185;QUICK N TOAST ;2;PIECE;11479;
10185;QUICK N TOAST ;2;PIECE;11203;
10185;QUICK N TOAST ;1;PIECE;10374;
10183;GIANT FISH;1;PIECE;10142;
10183;GIANT FISH;1;PIECE;10026;
10183;GIANT FISH;1;PIECE;11192;
10184;GIANT CHICKEN;1;PIECE;10942;
10184;GIANT CHICKEN;1;PIECE;10678;
10184;GIANT CHICKEN;1;PIECE;10966;
10182;GIANT MITRAILLETTE;1;PIECE;11215;
10182;GIANT MITRAILLETTE;2;PIECE;10344;
10182;GIANT MITRAILLETTE;1;PIECE;11476;
10182;GIANT MITRAILLETTE;1;PIECE;11754;
10183;GIANT FISH;1;PIECE;10942;
10183;GIANT FISH;1;PIECE;10678;
10180;DONUT FRAISE;1;PIECE;11172;
10180;DONUT FRAISE;1;PIECE;10086;
10181;TRIO DONUTS;1;PIECE;11174;
10181;TRIO DONUTS;1;PIECE;11175;
10181;TRIO DONUTS;1;PIECE;11176;
10181;TRIO DONUTS;1;PIECE;11169;
10178;[SHK MED MOQUITO;1;PIECE;10299;
10178;[SHK MED MOQUITO;1;PIECE;10681;
10178;[SHK MED MOQUITO;1;PIECE;10341;
10179;[SHK MAXI MOQUITO;1;PIECE;10542;
10179;[SHK MAXI MOQUITO;1;PIECE;10681;
10179;[SHK MAXI MOQUITO;1;PIECE;10341;
10175;BEEF HOLIDAY ;1;PIECE;10678;
10175;BEEF HOLIDAY ;1;PIECE;10900;
10176;CHEESY DONUTS X3;3;PIECE;11165;
10176;CHEESY DONUTS X3;1;PIECE;10556;
10177;CHEESY DONUTS X8;8;PIECE;11165;
10177;CHEESY DONUTS X8;1;PIECE;10403;
10174;[HOMER BURGER;1;PIECE;11162;
10174;[HOMER BURGER;1;PIECE;10678;
10174;[HOMER BURGER;1;PIECE;11101;
10174;[HOMER BURGER;1;PIECE;11167;
10175;BEEF HOLIDAY ;1;PIECE;10942;
10175;BEEF HOLIDAY ;1;PIECE;10344;
10172;[BEEF PRIMAVERA;1;PIECE;10942;
10172;[BEEF PRIMAVERA;1;PIECE;10344;
10172;[BEEF PRIMAVERA;1;PIECE;10265;
10172;[BEEF PRIMAVERA;1;PIECE;10900;
10173;DUO SALMON SALAD;1;PIECE;11130;
10173;DUO SALMON SALAD;1;PIECE;10336;
10170;[CHICKEN FORMAGGIO;2;PIECE;10343;
10170;[CHICKEN FORMAGGIO;1;PIECE;11123;
10171;[BEEF PEPPERONI;1;PIECE;11133;
10171;[BEEF PEPPERONI;2;PIECE;10344;
10171;[BEEF PEPPERONI;4;PIECE;11127;
10171;[BEEF PEPPERONI;1;PIECE;11124;
10169;SUPREME CHEESE 13;2;PIECE;10340;
10169;SUPREME CHEESE 13;2;PIECE;10343;
10169;SUPREME CHEESE 13;1;PIECE;10374;
10169;SUPREME CHEESE 13;1;PIECE;11723;
10170;[CHICKEN FORMAGGIO;1;PIECE;11133;
10170;[CHICKEN FORMAGGIO;1;PIECE;11128;
10168;[SUPER ANDALOUSE;1;PIECE;10384;
10168;[SUPER ANDALOUSE;2;PIECE;10379;
10168;[SUPER ANDALOUSE;1;PIECE;10678;
10168;[SUPER ANDALOUSE;1;PIECE;11101;
10169;SUPREME CHEESE 13;1;PIECE;10804;
10169;SUPREME CHEESE 13;2;PIECE;11476;
10166;[CHEESY LVQR/6;6;PIECE;11064;
10166;[CHEESY LVQR/6;1;PIECE;10556;
10167;[BEEF CURRY KETCHUP;1;PIECE;10942;
10167;[BEEF CURRY KETCHUP;1;PIECE;10831;
10167;[BEEF CURRY KETCHUP;1;PIECE;10265;
10167;[BEEF CURRY KETCHUP;1;PIECE;10900;
10164;JUNIOR GIANT ;1;PIECE;10942;
10164;JUNIOR GIANT ;1;PIECE;10344;
10164;JUNIOR GIANT ;1;PIECE;11476;
10164;JUNIOR GIANT ;1;PIECE;11136;
10165;[CHEESY LVQR/20;20;PIECE;11064;
10165;[CHEESY LVQR/20;1;PIECE;10403;
10162;[EXTRA BACON;1;PIECE;11066;
10163;[EXTRA CHEESE;1;PIECE;11065;
10163;[EXTRA CHEESE;1;PIECE;11067;
10163;[EXTRA CHEESE;2;PIECE;10831;
10163;[EXTRA CHEESE;1;PIECE;10678;
10163;[EXTRA CHEESE;1;PIECE;11072;
10161;[INTENSE RACLETTE;2;PIECE;10379;
10161;[INTENSE RACLETTE;1;PIECE;11023;
10162;[EXTRA BACON;1;PIECE;11065;
10162;[EXTRA BACON;2;PIECE;10831;
10162;[EXTRA BACON;3;PIECE;10537;
10162;[EXTRA BACON;1;PIECE;10678;
10160;[CRISPY BACON;2;PIECE;10537;
10160;[CRISPY BACON;1;PIECE;10678;
10160;[CRISPY BACON;2;PIECE;10831;
10160;[CRISPY BACON;1;PIECE;10947;
10161;[INTENSE RACLETTE;1;PIECE;11022;
10161;[INTENSE RACLETTE;1;PIECE;11021;
10159;[CRISPY CHILI CHEESE;1;PIECE;10947;
10159;[CRISPY CHILI CHEESE;3;PIECE;10951;
10159;[CRISPY CHILI CHEESE;1;PIECE;10678;
10159;[CRISPY CHILI CHEESE;2;PIECE;10831;
10159;[CRISPY CHILI CHEESE;1;PIECE;10970;
10160;[CRISPY BACON;1;PIECE;10969;
10157;[SHK MAXI CHATAIGNE;1;PIECE;10341;
10157;[SHK MAXI CHATAIGNE;1;PIECE;10542;
10157;[SHK MAXI CHATAIGNE;1;PIECE;10681;
10158;[SHK MED CHATAIGNE;1;PIECE;10341;
10158;[SHK MED CHATAIGNE;1;PIECE;10299;
10158;[SHK MED CHATAIGNE;1;PIECE;10681;
10154;BEEF ANDALOUSE ;1;PIECE;10265;
10154;BEEF ANDALOUSE ;1;PIECE;10900;
10155;CHEESY LEERDAM/10;10;PIECE;11212;
10155;CHEESY LEERDAM/10;1;PIECE;10403;
10156;CHEESY LEERDAM/3 ;3;PIECE;11212;
10156;CHEESY LEERDAM/3 ;1;PIECE;10556;
10153;XTRALONG GIANT ;1;PIECE;11559;
10153;XTRALONG GIANT ;3;PIECE;10344;
10153;XTRALONG GIANT ;1;PIECE;11557;
10153;XTRALONG GIANT ;2;PIECE;11476;
10154;BEEF ANDALOUSE ;1;PIECE;10942;
10154;BEEF ANDALOUSE ;1;PIECE;10344;
10150;CAESAR  SALAD;1;PIECE;10920;
10150;CAESAR  SALAD;1;PIECE;10966;
10151;[SALAD NICOISE;1;PIECE;10336;
10151;[SALAD NICOISE;1;PIECE;10921;
10152;SALAD SIDE;1;PIECE;10336;
10152;SALAD SIDE;1;PIECE;10919;
10149;[TRICOLORE;1;PIECE;10863;
10149;[TRICOLORE;2;PIECE;10831;
10149;[TRICOLORE;1;PIECE;10678;
10149;[TRICOLORE;2;PIECE;10343;
10149;[TRICOLORE;1;PIECE;10552;
10150;CAESAR  SALAD;1;PIECE;10336;
10147;SPA PLAT (50cl);1;PIECE;10299;
10148;[BEEF SWEET CURRY;1;PIECE;10012;
10148;[BEEF SWEET CURRY;1;PIECE;10340;
10148;[BEEF SWEET CURRY;1;PIECE;10265;
10148;[BEEF SWEET CURRY;1;PIECE;10831;
10148;[BEEF SWEET CURRY;1;PIECE;10754;
10142;MIX MANIA;1;PIECE;10758;
10145;SPA PETILLANT (50cl);1;PIECE;10854;
10145;SPA PETILLANT (50cl);1;PIECE;10299;
10146;SPA PLAT (33cl);1;PIECE;11164;
10146;SPA PLAT (33cl);1;PIECE;10299;
10147;SPA PLAT (50cl);1;PIECE;10088;
10140;[SHK MED WATERMELON;1;PIECE;10299;
10140;[SHK MED WATERMELON;1;PIECE;10681;
10140;[SHK MED WATERMELON;1;PIECE;10341;
10141;SOFTY CUP;1;PIECE;10330;
10141;SOFTY CUP;1;PIECE;10599;
10142;MIX MANIA;1;PIECE;10330;
10137;[CHEESY SALSA/3;1;PIECE;10556;
10138;[CHEESY SALSA/8;8;PIECE;10825;
10138;[CHEESY SALSA/8;1;PIECE;10403;
10139;[SHK MAXI WATERMELON;1;PIECE;10542;
10139;[SHK MAXI WATERMELON;1;PIECE;10341;
10139;[SHK MAXI WATERMELON;1;PIECE;10681;
10136;[SUMMER BEEF;1;PIECE;10824;
10136;[SUMMER BEEF;1;PIECE;10343;
10136;[SUMMER BEEF;1;PIECE;10265;
10136;[SUMMER BEEF;1;PIECE;10374;
10136;[SUMMER BEEF;1;PIECE;10832;
10137;[CHEESY SALSA/3;3;PIECE;10825;
10134;SUPREME PEPPER 11;1;PIECE;11745;
10135;[HOT'N FRESH;1;PIECE;10824;
10135;[HOT'N FRESH;2;PIECE;10343;
10135;[HOT'N FRESH;1;PIECE;10265;
10135;[HOT'N FRESH;1;PIECE;10374;
10135;[HOT'N FRESH;1;PIECE;10833;
10133;[SUPREME CLASSIQ;1;PIECE;10374;
10133;[SUPREME CLASSIQ;1;PIECE;10806;
10134;SUPREME PEPPER 11;1;PIECE;10804;
10134;SUPREME PEPPER 11;2;PIECE;11476;
10134;SUPREME PEPPER 11;2;PIECE;10343;
10134;SUPREME PEPPER 11;1;PIECE;10374;
10132;SUPREME CHCK BBQ BAC;1;PIECE;11125;
10132;SUPREME CHCK BBQ BAC;1;PIECE;10807;
10133;[SUPREME CLASSIQ;1;PIECE;10804;
10133;[SUPREME CLASSIQ;2;PIECE;10678;
10133;[SUPREME CLASSIQ;2;PIECE;10340;
10133;[SUPREME CLASSIQ;2;PIECE;10343;
10131;SMALL NESTEA LEMON;1;PIECE;11477;
10131;SMALL NESTEA LEMON;1;PIECE;11326;
10132;SUPREME CHCK BBQ BAC;1;PIECE;10804;
10132;SUPREME CHCK BBQ BAC;1;PIECE;11476;
10132;SUPREME CHCK BBQ BAC;2;PIECE;11076;
10132;SUPREME CHCK BBQ BAC;1;PIECE;10343;
10129;MAXI NESTEA LEMON;1;PIECE;11477;
10129;MAXI NESTEA LEMON;1;PIECE;11326;
10130;MEDIUM NESTEA LEMON;1;PIECE;10543;
10130;MEDIUM NESTEA LEMON;1;PIECE;11477;
10130;MEDIUM NESTEA LEMON;1;PIECE;11326;
10131;SMALL NESTEA LEMON;1;PIECE;10299;
10126;[CHEESY BOURS POIV/6;6;PIECE;10729;
10126;[CHEESY BOURS POIV/6;1;PIECE;10556;
10127;[CLUB TOM MOZZA BIO;1;PIECE;10732;
10127;[CLUB TOM MOZZA BIO;1;PIECE;10736;
10128;RC BUN SUPREME;1;PIECE;10804;
10129;MAXI NESTEA LEMON;1;PIECE;10542;
10124;[CRISPY ANDALOUSE;1;PIECE;10384;
10124;[CRISPY ANDALOUSE;1;PIECE;10374;
10124;[CRISPY ANDALOUSE;1;PIECE;10294;
10124;[CRISPY ANDALOUSE;1;PIECE;10731;
10125;[CHEESY BOUR POIV/20;20;PIECE;10729;
10125;[CHEESY BOUR POIV/20;1;PIECE;10403;
10121;[DARK BURGER;2;PIECE;10379;
10121;[DARK BURGER;1;PIECE;10687;
10122;[JEDI BURGER;1;PIECE;10671;
10122;[JEDI BURGER;1;PIECE;10265;
10122;[JEDI BURGER;2;PIECE;10379;
10122;[JEDI BURGER;1;PIECE;10688;
10119;[CHEESY STAR/10;10;PIECE;10680;
10119;[CHEESY STAR/10;1;PIECE;10403;
10120;[CHEESY STAR/3;3;PIECE;10680;
10120;[CHEESY STAR/3;1;PIECE;10556;
10121;[DARK BURGER;1;PIECE;10672;
10121;[DARK BURGER;2;PIECE;10677;
10113;[CLUB CHIC MIEL MOUT;1;PIECE;10618;
10113;[CLUB CHIC MIEL MOUT;1;PIECE;10626;
10114;SPA Pétillant (33cl);1;PIECE;10120;
10114;SPA Pétillant (33cl);1;PIECE;10299;
10115;RC BUN BLANC;1;PIECE;10942;
10117;RC BUN PROMO 1;1;PIECE;11559;
10111;[SHK MED PAIN EPICES;1;PIECE;10681;
10111;[SHK MED PAIN EPICES;1;PIECE;10141;
10112;[SUPREME EMMENTAL;1;PIECE;10293;
10112;[SUPREME EMMENTAL;1;PIECE;10294;
10112;[SUPREME EMMENTAL;1;PIECE;10374;
10112;[SUPREME EMMENTAL;1;PIECE;10623;
10109;[SUPER PEPPER;2;PIECE;10243;
10109;[SUPER PEPPER;1;PIECE;10568;
10110;[SHK MAXI PAIN EPICE;1;PIECE;10141;
10110;[SHK MAXI PAIN EPICE;1;PIECE;10542;
10110;[SHK MAXI PAIN EPICE;1;PIECE;10681;
10111;[SHK MED PAIN EPICES;1;PIECE;10299;
10108;[SUPER SWISS;1;PIECE;10385;
10108;[SUPER SWISS;2;PIECE;10379;
10108;[SUPER SWISS;2;PIECE;10538;
10108;[SUPER SWISS;1;PIECE;10569;
10109;[SUPER PEPPER;1;PIECE;10384;
10109;[SUPER PEPPER;2;PIECE;10379;
10105;BASE ANNIV 8 ANS;1;PIECE;11726;
10105;BASE ANNIV 8 ANS;1;PIECE;10438;
10106;GENER. MTOP;1;PIECE;10438;
10106;GENER. MTOP;1;PIECE;11726;
10107;CHEESY BALLS/20;1;PIECE;11721;
10107;CHEESY BALLS/20;20;PIECE;11578;
10104;BASE ANNIV 5 ANS;1;PIECE;10330;
10104;BASE ANNIV 5 ANS;1;PIECE;11149;
10104;BASE ANNIV 5 ANS;1;PIECE;10437;
10105;BASE ANNIV 8 ANS;1;PIECE;10642;
10105;BASE ANNIV 8 ANS;1;PIECE;10643;
10105;BASE ANNIV 8 ANS;1;PIECE;10330;
10103;BASE ANNIV CPL 8 ANS;1;PIECE;10330;
10103;BASE ANNIV CPL 8 ANS;1;PIECE;11641;
10103;BASE ANNIV CPL 8 ANS;1;PIECE;11726;
10103;BASE ANNIV CPL 8 ANS;1;PIECE;10438;
10104;BASE ANNIV 5 ANS;1;PIECE;10642;
10104;BASE ANNIV 5 ANS;1;PIECE;10643;
10102;BASE ANNIV CPL 5 ANS;1;PIECE;10330;
10102;BASE ANNIV CPL 5 ANS;1;PIECE;11641;
10102;BASE ANNIV CPL 5 ANS;1;PIECE;11149;
10102;BASE ANNIV CPL 5 ANS;1;PIECE;10437;
10103;BASE ANNIV CPL 8 ANS;1;PIECE;10642;
10103;BASE ANNIV CPL 8 ANS;1;PIECE;10643;
10100;MAXI COKE ZERO;1;PIECE;10542;
10100;MAXI COKE ZERO;1;PIECE;11326;
10101;GENER. MBOX;1;PIECE;10437;
10101;GENER. MBOX;1;PIECE;11149;
10102;BASE ANNIV CPL 5 ANS;1;PIECE;10642;
10102;BASE ANNIV CPL 5 ANS;1;PIECE;10643;
10098;SMALL COKE ZERO;1;PIECE;10299;
10098;SMALL COKE ZERO;1;PIECE;11326;
10099;MEDIUM COKE ZERO;1;PIECE;11326;
10099;MEDIUM COKE ZERO;1;PIECE;10543;
10099;MEDIUM COKE ZERO;1;PIECE;11477;
10100;MAXI COKE ZERO;1;PIECE;11477;
10095;CHICKEN FILET;1;PIECE;11724;
10096;[BIERE CAN 50CL LUX;1;PIECE;10224;
10096;[BIERE CAN 50CL LUX;1;PIECE;10299;
10097;[ROSPORT 50CL (PET);1;PIECE;10219;
10097;[ROSPORT 50CL (PET);1;PIECE;10299;
10098;SMALL COKE ZERO;1;PIECE;11477;
10094;SOFTY CARAMEL;1;PIECE;10330;
10094;SOFTY CARAMEL;1;PIECE;11358;
10094;SOFTY CARAMEL;1;PIECE;11357;
10095;CHICKEN FILET;1;PIECE;10942;
10095;CHICKEN FILET;1;PIECE;10966;
10095;CHICKEN FILET;1;PIECE;11479;
10092;CROISSANT;1;PIECE;10336;
10093;[SOFTY MAX PRALINE;0,5;PIECE;10081;
10093;[SOFTY MAX PRALINE;0,25;PIECE;10372;
10093;[SOFTY MAX PRALINE;0,25;PIECE;10082;
10093;[SOFTY MAX PRALINE;1;PIECE;10600;
10093;[SOFTY MAX PRALINE;1;PIECE;10330;
10090;[FISH 'N DIPS 3;1;PIECE;11038;
10091;[FISH 'N DIPS 4;4;PIECE;11077;
10091;[FISH 'N DIPS 4;1;PIECE;11038;
10092;CROISSANT;1;PIECE;10275;
10092;CROISSANT;1;PIECE;10297;
10092;CROISSANT;1;PIECE;10301;
10089;[SWEET BREAK;0,3;PIECE;10252;
10089;[SWEET BREAK;0,3;PIECE;10085;
10089;[SWEET BREAK;0,2;PIECE;10207;
10089;[SWEET BREAK;1;PIECE;10240;
10089;[SWEET BREAK;0,2;PIECE;10360;
10090;[FISH 'N DIPS 3;3;PIECE;11077;
10089;[SWEET BREAK;1;PIECE;10133;
10089;[SWEET BREAK;1;PIECE;10107;
10089;[SWEET BREAK;1;PIECE;10479;
10089;[SWEET BREAK;1;PIECE;10277;
10089;[SWEET BREAK;0,2;PIECE;10359;
10089;[SWEET BREAK;0,2;PIECE;10086;
10087;BACON MAX;2;PIECE;10379;
10087;BACON MAX;1;PIECE;11746;
10088;MINUTE MAID 33CL;1;PIECE;10121;
10088;MINUTE MAID 33CL;1;PIECE;10299;
10089;[SWEET BREAK;1;PIECE;10003;
10089;[SWEET BREAK;1;PIECE;10006;
10086;GIANT MAX ;2;PIECE;10379;
10086;GIANT MAX ;1;PIECE;11476;
10086;GIANT MAX ;1;PIECE;11747;
10087;BACON MAX;1;PIECE;10384;
10087;BACON MAX;3;PIECE;11076;
10087;BACON MAX;1;PIECE;11476;
10083;[CHEESY BOURSIN/20;1;PIECE;10319;
10084;[CLUB TOM-CHEVRE BIO;1;PIECE;10383;
10084;[CLUB TOM-CHEVRE BIO;1;PIECE;10208;
10085;[CLUB SAMOURAI;1;PIECE;10382;
10085;[CLUB SAMOURAI;1;PIECE;10209;
10086;GIANT MAX ;1;PIECE;10385;
10080;[SHK WAIKIKI MAXI;1;PIECE;10542;
10080;[SHK WAIKIKI MAXI;1;PIECE;10339;
10080;[SHK WAIKIKI MAXI;1;PIECE;10341;
10082;[CHEESY BOURSIN/6;6;PIECE;10399;
10082;[CHEESY BOURSIN/6;1;PIECE;10159;
10083;[CHEESY BOURSIN/20;20;PIECE;10399;
10077;[SPICY WINGS;1;PIECE;10011;
10078;[MIX MANIA CUBERDON;1;PIECE;10564;
10078;[MIX MANIA CUBERDON;1;PIECE;10174;
10079;[SHK WAIKIKI MED;1;PIECE;10339;
10079;[SHK WAIKIKI MED;1;PIECE;10341;
10079;[SHK WAIKIKI MED;1;PIECE;10299;
10075;COLD CLASSIQ CKN SAL;1;PIECE;10336;
10076;[MINI PANCAKES;7;PIECE;10366;
10076;[MINI PANCAKES;1;PIECE;10359;
10076;[MINI PANCAKES;1;PIECE;10149;
10077;[SPICY WINGS;1;PIECE;10276;
10077;[SPICY WINGS;5;PIECE;10380;
10073;[ATLANTIQ SALADE;1;PIECE;10566;
10073;[ATLANTIQ SALADE;1;PIECE;10336;
10074;[HOT CLASSIQ CKN SAL ;1;PIECE;10566;
10074;[HOT CLASSIQ CKN SAL ;1;PIECE;10336;
10074;[HOT CLASSIQ CKN SAL ;1;PIECE;10205;
10075;COLD CLASSIQ CKN SAL;1;PIECE;10566;
10069;YAOURT FRAISE ;1;PIECE;11652;
10070;PDJ BAGEL BACON;1;PIECE;10352;
10070;PDJ BAGEL BACON;1;PIECE;10754;
10071;[SALADE DE BASE;1;PIECE;10566;
10072;[SIDE SALADE;1;PIECE;10336;
10072;[SIDE SALADE;1;PIECE;10567;
10067;[SUPREME CHICKEN;1;PIECE;10343;
10067;[SUPREME CHICKEN;1;PIECE;10293;
10067;[SUPREME CHICKEN;1;PIECE;10678;
10068;SNACK BALLx20;20;PIECE;10288;
10068;SNACK BALLx20;1;PIECE;10403;
10069;YAOURT FRAISE ;1;PIECE;10330;
10064;MIX MANIA LION ;1;PIECE;11750;
10064;MIX MANIA LION ;1;PIECE;11356;
10066;CHEESY BALLS/6;6;PIECE;11578;
10066;CHEESY BALLS/6;1;PIECE;10556;
10067;[SUPREME CHICKEN;1;PIECE;10572;
10067;[SUPREME CHICKEN;1;PIECE;10287;
10062;[ANIMATION LUX;1;PIECE;10330;
10062;[ANIMATION LUX;1;PIECE;10643;
10063;CHURROS /5;1;PIECE;10359;
10063;CHURROS /5;5;PIECE;10277;
10063;CHURROS /5;1;PIECE;11715;
10064;MIX MANIA LION ;1;PIECE;10330;
10060;MIX MANIA SMARTIES;1;PIECE;11750;
10060;MIX MANIA SMARTIES;1;PIECE;11356;
10060;MIX MANIA SMARTIES;1;PIECE;10330;
10061;DONUT CHOCO;1;PIECE;10207;
10061;DONUT CHOCO;1;PIECE;10086;
10062;[ANIMATION LUX;1;PIECE;10642;
10058;BROWNIE;1;PIECE;10085;
10059;[SUPREME PEPPER;1;PIECE;10574;
10059;[SUPREME PEPPER;2;PIECE;10243;
10059;[SUPREME PEPPER;2;PIECE;10343;
10059;[SUPREME PEPPER;1;PIECE;10374;
10059;[SUPREME PEPPER;1;PIECE;10293;
10056;SHK MAXI VANILLE  ;1;PIECE;10542;
10056;SHK MAXI VANILLE  ;1;PIECE;11326;
10056;SHK MAXI VANILLE  ;1;PIECE;11477;
10057;CHICKEN DIPS/7;1;PIECE;11717;
10057;CHICKEN DIPS/7;7;PIECE;11402;
10058;BROWNIE;1;PIECE;10086;
10054;SHK MAXI FRA-AARD ;1;PIECE;10542;
10054;SHK MAXI FRA-AARD ;1;PIECE;11326;
10054;SHK MAXI FRA-AARD ;1;PIECE;11477;
10055;[SHK MAXI CHOCO;1;PIECE;10341;
10055;[SHK MAXI CHOCO;1;PIECE;10542;
10055;[SHK MAXI CHOCO;1;PIECE;10681;
10051;SOFTY CHOCO;1;PIECE;11357;
10051;SOFTY CHOCO;1;PIECE;11358;
10052;[VIVA 33CL;1;PIECE;10299;
10052;[VIVA 33CL;1;PIECE;10253;
10053;[VIVA 50CL;1;PIECE;10299;
10053;[VIVA 50CL;1;PIECE;10218;
10049;[SHK MED CHOC;1;PIECE;10341;
10049;[SHK MED CHOC;1;PIECE;10681;
10050;SOFTY FRAISE-AARD;1;PIECE;10330;
10050;SOFTY FRAISE-AARD;1;PIECE;11358;
10050;SOFTY FRAISE-AARD;1;PIECE;11357;
10051;SOFTY CHOCO;1;PIECE;10330;
10047;SHK MED FRA-AARD ;1;PIECE;11326;
10047;SHK MED FRA-AARD ;1;PIECE;11477;
10048;SHK MED VANILLE;1;PIECE;10299;
10048;SHK MED VANILLE;1;PIECE;11326;
10048;SHK MED VANILLE;1;PIECE;11477;
10049;[SHK MED CHOC;1;PIECE;10299;
10043;KING FISH;1;PIECE;11476;
10043;KING FISH;1;PIECE;11719;
10044;SMALL FRITE;1;PIECE;11641;
10045;MEDIUM FRITE;1;PIECE;11616;
10046;MAXI FRITE;1;PIECE;11617;
10047;SHK MED FRA-AARD ;1;PIECE;10299;
10041;PART GATEAU ANNIV.;1;PIECE;10330;
10041;PART GATEAU ANNIV.;1;PIECE;10643;
10042;DELICE CHOCOLAT;1;PIECE;10252;
10042;DELICE CHOCOLAT;1;PIECE;10330;
10043;KING FISH;1;PIECE;10142;
10043;KING FISH;1;PIECE;10942;
10039;EXPRESSO;1;PIECE;10240;
10039;EXPRESSO;1;PIECE;10107;
10039;EXPRESSO;1;PIECE;10133;
10039;EXPRESSO;1;PIECE;10544;
10039;EXPRESSO;1;PIECE;10006;
10040;SOFTY ENFANT;1;PIECE;11321;
10037;THE;1;PIECE;10240;
10038;CAPUCCINO;1;PIECE;10240;
10038;CAPUCCINO;1;PIECE;10541;
10038;CAPUCCINO;1;PIECE;10133;
10038;CAPUCCINO;1;PIECE;10003;
10038;CAPUCCINO;1;PIECE;10006;
10037;THE;1;PIECE;10092;
10037;THE;1;PIECE;10107;
10037;THE;1;PIECE;10133;
10037;THE;1;PIECE;10541;
10037;THE;1;PIECE;10003;
10037;THE;1;PIECE;10006;
10036;[CHOCOLAT CHAUD;1;PIECE;10240;
10036;[CHOCOLAT CHAUD;1;PIECE;10541;
10036;[CHOCOLAT CHAUD;1;PIECE;10003;
10036;[CHOCOLAT CHAUD;1;PIECE;10006;
10036;[CHOCOLAT CHAUD;1;PIECE;10133;
10037;THE;1;PIECE;10534;
10035;CAFE;1;PIECE;10240;
10035;CAFE;1;PIECE;10107;
10035;CAFE;1;PIECE;10133;
10035;CAFE;1;PIECE;10541;
10035;CAFE;1;PIECE;10003;
10035;CAFE;1;PIECE;10006;
10032;SMALL SPRITE;1;PIECE;11477;
10032;SMALL SPRITE;1;PIECE;11326;
10033;BIERE 33CL;1;PIECE;10299;
10033;BIERE 33CL;1;PIECE;10905;
10034;[VITALITOS 33CL;1;PIECE;10115;
10034;[VITALITOS 33CL;1;PIECE;10299;
10030;MAXI SPRITE;1;PIECE;11326;
10030;MAXI SPRITE;1;PIECE;11477;
10031;MEDIUM SPRITE;1;PIECE;10543;
10031;MEDIUM SPRITE;1;PIECE;11326;
10031;MEDIUM SPRITE;1;PIECE;11477;
10032;SMALL SPRITE;1;PIECE;10299;
10028;MEDIUM FANTA;1;PIECE;11326;
10028;MEDIUM FANTA;1;PIECE;11477;
10029;SMALL FANTA;1;PIECE;10299;
10029;SMALL FANTA;1;PIECE;11326;
10029;SMALL FANTA;1;PIECE;11477;
10030;MAXI SPRITE;1;PIECE;10542;
10026;SMALL COKE LIGHT;1;PIECE;11477;
10026;SMALL COKE LIGHT;1;PIECE;11326;
10027;MAXI FANTA;1;PIECE;10542;
10027;MAXI FANTA;1;PIECE;11326;
10027;MAXI FANTA;1;PIECE;11477;
10028;MEDIUM FANTA;1;PIECE;10543;
10024;MAXI COKE LIGHT;1;PIECE;11326;
10024;MAXI COKE LIGHT;1;PIECE;11477;
10025;MEDIUM COKE LIGHT;1;PIECE;10543;
10025;MEDIUM COKE LIGHT;1;PIECE;11326;
10025;MEDIUM COKE LIGHT;1;PIECE;11477;
10026;SMALL COKE LIGHT;1;PIECE;10299;
10022;MEDIUM COKE;1;PIECE;11326;
10022;MEDIUM COKE;1;PIECE;11477;
10023;SMALL COKE;1;PIECE;10299;
10023;SMALL COKE;1;PIECE;11477;
10023;SMALL COKE;1;PIECE;11326;
10024;MAXI COKE LIGHT;1;PIECE;10542;
10019;[SUPREME CHEESE;1;PIECE;10374;
10019;[SUPREME CHEESE;2;PIECE;10340;
10021;MAXI COKE;1;PIECE;10542;
10021;MAXI COKE;1;PIECE;11326;
10021;MAXI COKE;1;PIECE;11477;
10022;MEDIUM COKE;1;PIECE;10543;
10018;HAMBURGER;1;PIECE;10942;
10018;HAMBURGER;1;PIECE;11727;
10019;[SUPREME CHEESE;1;PIECE;10571;
10019;[SUPREME CHEESE;2;PIECE;10343;
10019;[SUPREME CHEESE;2;PIECE;10294;
10019;[SUPREME CHEESE;1;PIECE;10293;
10017;CHEESEBURGER;1;PIECE;10340;
10017;CHEESEBURGER;1;PIECE;11479;
10017;CHEESEBURGER;1;PIECE;10942;
10017;CHEESEBURGER;1;PIECE;11728;
10018;HAMBURGER;1;PIECE;10340;
10018;HAMBURGER;1;PIECE;10344;
10015;CHICK. DIPS/4;1;PIECE;11716;
10015;CHICK. DIPS/4;4;PIECE;11402;
10016;CHICKEN WINGS;1;PIECE;11718;
10016;CHICKEN WINGS;5;PIECE;10154;
10016;CHICKEN WINGS;1;PIECE;10011;
10017;CHEESEBURGER;1;PIECE;10344;
10013;CHICKEN DIPS/10;10;PIECE;11402;
10014;GIANT;1;PIECE;11722;
10014;GIANT;2;PIECE;10344;
10014;GIANT;1;PIECE;10026;
10014;GIANT;1;PIECE;11476;
10014;GIANT;1;PIECE;10942;
10007;[RC BIERE  33CL;1;PIECE;10223;
10008;[RC BIERE 50CL;1;PIECE;10224;
10009;RC BUN GRIS SUPER;1;PIECE;10384;
10011;RC BOITE BOX;1;PIECE;11149;
10012;RC BUN BLANC Q-MAX;1;PIECE;10385;
10013;CHICKEN DIPS/10;1;PIECE;11717;
10014;GIANT;2;GRAMME;10260;
10014;GIANT;15;GRAMME;10284;
10014;GIANT;20;GRAMME;11441;
10017;CHEESEBURGER;2;GRAMME;10260;
10017;CHEESEBURGER;1,5;GRAMME;10246;
10017;CHEESEBURGER;10;GRAMME;10066;
10286;CHICKEN TOMATO ONION;4;GRAMME;10260;
10286;CHICKEN TOMATO ONION;20;GRAMME;11881;
10286;CHICKEN TOMATO ONION;15;GRAMME;10797;
10290;SMALL FRITE DEL;116,1;GRAMME;11891;
10291;MAXI FRITE DEL;206,7;GRAMME;11891;
10284;CHEESE N TOAST;3;GRAMME;10246;
10284;CHEESE N TOAST;10;GRAMME;10066;
10285;BEEF DIABLO;15;GRAMME;10284;
10285;BEEF DIABLO;0,5;GRAMME;10805;
10285;BEEF DIABLO;4;GRAMME;10260;
10285;BEEF DIABLO;20;GRAMME;11880;
10283;TEST GIANT MAX;30;GRAMME;11441;
10283;TEST GIANT MAX;15;GRAMME;10284;
10283;TEST GIANT MAX;4;GRAMME;10260;
10284;CHEESE N TOAST;15;GRAMME;10797;
10284;CHEESE N TOAST;4;GRAMME;10798;
10284;CHEESE N TOAST;0,5;GRAMME;10805;
10280;TEST PEPPER MAX ;20;GRAMME;11437;
10280;TEST PEPPER MAX ;15;GRAMME;10284;
10281;TEST CHICKEN FILET;2;GRAMME;10260;
10281;TEST CHICKEN FILET;10;GRAMME;10284;
10281;TEST CHICKEN FILET;20;GRAMME;11435;
10282;TEST BACON MAX ;20;GRAMME;11434;
10278;TEST SUPREME BEEF ;0,5;GRAMME;11835;
10279;TEST SUPREME CHICKEN;4;GRAMME;11829;
10279;TEST SUPREME CHICKEN;15;GRAMME;11828;
10279;TEST SUPREME CHICKEN;15;GRAMME;11826;
10279;TEST SUPREME CHICKEN;10;GRAMME;11435;
10280;TEST PEPPER MAX ;4;GRAMME;10260;
10277;MIX MANIA M&M;20;GRAMME;11834;
10277;MIX MANIA M&M;20;GRAMME;11349;
10278;TEST SUPREME BEEF ;10;GRAMME;10066;
10278;TEST SUPREME BEEF ;4;GRAMME;11829;
10278;TEST SUPREME BEEF ;15;GRAMME;11828;
10278;TEST SUPREME BEEF ;20;GRAMME;11848;
10274;QUICK N BRETZEL BAC;4;GRAMME;11829;
10275;BEEF BBQ;20;GRAMME;10783;
10275;BEEF BBQ;10;GRAMME;10284;
10275;BEEF BBQ;2;GRAMME;10260;
10276;MIX MANIA SNICKERS;20;GRAMME;11833;
10276;MIX MANIA SNICKERS;20;GRAMME;11655;
10269;YOUBURGER ROQUEFORT;20;GRAMME;11791;
10273;QUICK N BRETZEL PEPP;20;GRAMME;11846;
10273;QUICK N BRETZEL PEPP;15;GRAMME;10797;
10273;QUICK N BRETZEL PEPP;4;GRAMME;11829;
10274;QUICK N BRETZEL BAC;20;GRAMME;11847;
10274;QUICK N BRETZEL BAC;15;GRAMME;10797;
10267;YOUBURGER BEARNAISE;20;GRAMME;11791;
10268;YOUBURGER ESPELETTE;0,5;GRAMME;10805;
10268;YOUBURGER ESPELETTE;20;GRAMME;11776;
10268;YOUBURGER ESPELETTE;20;GRAMME;11791;
10269;YOUBURGER ROQUEFORT;0,5;GRAMME;10805;
10269;YOUBURGER ROQUEFORT;20;GRAMME;11777;
10264;TWIN BEEF;19;GRAMME;11739;
10264;TWIN BEEF;10;GRAMME;11738;
10264;TWIN BEEF;20;GRAMME;10797;
10264;TWIN BEEF;8;GRAMME;10260;
10267;YOUBURGER BEARNAISE;0,5;GRAMME;10805;
10267;YOUBURGER BEARNAISE;20;GRAMME;11794;
10251;WRAP VEGGIE;35;GRAMME;11597;
10256;CHE PECAN CHKN COLD;60;GRAMME;11591;
10257;PASTA BC CHKN COLD;60;GRAMME;11591;
10260;BURGER HEROS;20;GRAMME;11434;
10260;BURGER HEROS;10;GRAMME;10797;
10260;BURGER HEROS;4;GRAMME;10260;
10250;WRAP CHICKEN CAESAR;20;GRAMME;11594;
10250;WRAP CHICKEN CAESAR;8;GRAMME;11592;
10251;WRAP VEGGIE;15;GRAMME;11588;
10251;WRAP VEGGIE;30;GRAMME;11590;
10251;WRAP VEGGIE;50;GRAMME;11589;
10251;WRAP VEGGIE;20;GRAMME;11595;
10249;WRAP BAC/ONION;30;GRAMME;11590;
10249;WRAP BAC/ONION;20;GRAMME;11596;
10249;WRAP BAC/ONION;35;GRAMME;11598;
10250;WRAP CHICKEN CAESAR;15;GRAMME;11588;
10250;WRAP CHICKEN CAESAR;30;GRAMME;11590;
10250;WRAP CHICKEN CAESAR;60;GRAMME;11591;
10244;CH.SAMOURAI MAX;15;GRAMME;10797;
10247;CRUMBLE DEL'ICE;5;GRAMME;11584;
10248;MEGA MAX GIANT;30;GRAMME;11441;
10248;MEGA MAX GIANT;15;GRAMME;10284;
10248;MEGA MAX GIANT;4;GRAMME;10798;
10249;WRAP BAC/ONION;15;GRAMME;11588;
10241;QNC CHICKEN;15;GRAMME;10284;
10242;BEEF SAMOURAI;19;GRAMME;11527;
10242;BEEF SAMOURAI;2;GRAMME;10260;
10242;BEEF SAMOURAI;10;GRAMME;10284;
10243;BROWNIE DEL'ICE;5;GRAMME;11346;
10244;CH.SAMOURAI MAX;30;GRAMME;11527;
10240;QNC BEEF;20;GRAMME;11533;
10240;QNC BEEF;42,4;GRAMME;10730;
10240;QNC BEEF;15;GRAMME;10284;
10240;QNC BEEF;0,5;GRAMME;10805;
10241;QNC CHICKEN;30;GRAMME;11534;
10241;QNC CHICKEN;42,4;GRAMME;10730;
10232;LATTE CARAMEL LZ;10;GRAMME;11505;
10233;LATTE LZ;10;GRAMME;11505;
10234;ESPRESSO LZ;8;GRAMME;11505;
10235;MOCCHA LZ;9;GRAMME;11505;
10235;MOCCHA LZ;21;GRAMME;11504;
10236;LATTE VANILLE LZ;10;GRAMME;11505;
10224;[LATTE HENRY SBC;14;GRAMME;11503;
10226;[MOCCHA SBC;14;GRAMME;11503;
10229;CHOCOLAT LZ;42;GRAMME;11504;
10230;CAPPUCCINO LZ;10;GRAMME;11505;
10230;CAPPUCCINO LZ;1;GRAMME;11504;
10231;COFFEE LONG LZ;9;GRAMME;11505;
10219;[CAPPUCCINO SBC;14;GRAMME;11503;
10219;[CAPPUCCINO SBC;1;GRAMME;11508;
10220;[COFFEE HENRY SBC;9;GRAMME;11503;
10221;ESPRESSO SBC;9;GRAMME;11503;
10222;[LATTE CARAMEL SBC;14;GRAMME;11503;
10223;[LATTE VANILLE SBC;14;GRAMME;11503;
10213;MEGA MAX BBQ BACON;4;GRAMME;10798;
10214;PEPPER CRAZY;20;GRAMME;11437;
10214;PEPPER CRAZY;8;GRAMME;10798;
10214;PEPPER CRAZY;10;GRAMME;10797;
10217;AMERICANO SBC;14;GRAMME;11503;
10218;[CHOCOLAT SBC;25;GRAMME;11514;
10210;TRIPLE MUSTARD;4;GRAMME;10798;
10211;BEEF LVQR;19;GRAMME;11444;
10212;ANDALOUSE MAX;20;GRAMME;10779;
10212;ANDALOUSE MAX;15;GRAMME;10284;
10213;MEGA MAX BBQ BACON;20;GRAMME;10783;
10213;MEGA MAX BBQ BACON;15;GRAMME;10284;
10208;TRIPLE BBQ ONION;8;GRAMME;10798;
10209;TRIPLE BEARNAISE;20;GRAMME;11439;
10209;TRIPLE BEARNAISE;10;GRAMME;10284;
10209;TRIPLE BEARNAISE;4;GRAMME;10798;
10210;TRIPLE MUSTARD;20;GRAMME;10792;
10210;TRIPLE MUSTARD;10;GRAMME;10284;
10207;GIANT MAX CHICKEN;30;GRAMME;10114;
10207;GIANT MAX CHICKEN;15;GRAMME;10284;
10207;GIANT MAX CHICKEN;4;GRAMME;10260;
10208;TRIPLE BBQ ONION;10;GRAMME;10143;
10208;TRIPLE BBQ ONION;5;GRAMME;10783;
10208;TRIPLE BBQ ONION;10;GRAMME;10284;
10204;MIX MANIA TWIX;20;GRAMME;11345;
10205;MIX MANIA SPECULOOS;20;GRAMME;11351;
10205;MIX MANIA SPECULOOS;10;GRAMME;10847;
10206;GIANT MAX SPICY;30;GRAMME;11397;
10206;GIANT MAX SPICY;15;GRAMME;10284;
10206;GIANT MAX SPICY;4;GRAMME;10260;
10197;CHEESE MAX;4;GRAMME;10798;
10197;CHEESE MAX;10;GRAMME;10066;
10202;SWEET BEEF;20;GRAMME;11347;
10203;HOT CHICKEN;20;GRAMME;11348;
10203;HOT CHICKEN;10;GRAMME;10797;
10204;MIX MANIA TWIX;20;GRAMME;11352;
10193;MERRY SAMOURAÏ;30;GRAMME;11259;
10193;MERRY SAMOURAÏ;15;GRAMME;10797;
10194;BEEF CHEDDAR;20;GRAMME;11285;
10194;BEEF CHEDDAR;2;GRAMME;10260;
10197;CHEESE MAX;10;GRAMME;10797;
10197;CHEESE MAX;1,5;GRAMME;10246;
10187;CRISPY BACON CHICKEN;20;GRAMME;11213;
10187;CRISPY BACON CHICKEN;41;GRAMME;10941;
10188;CHEESE DELICE;10;GRAMME;11214;
10188;CHEESE DELICE;2;GRAMME;10260;
10192;HAPPY PEPPER;20;GRAMME;11258;
10192;HAPPY PEPPER;15;GRAMME;10797;
10184;GIANT CHICKEN;15;GRAMME;10284;
10184;GIANT CHICKEN;2;GRAMME;10260;
10185;QUICK N TOAST ;0,5;GRAMME;10805;
10185;QUICK N TOAST ;20;GRAMME;11435;
10186;CRISPY BACON BEEF;20;GRAMME;11213;
10186;CRISPY BACON BEEF;41;GRAMME;10941;
10182;GIANT MITRAILLETTE;4;GRAMME;10260;
10182;GIANT MITRAILLETTE;38;GRAMME;11753;
10183;GIANT FISH;19;GRAMME;10114;
10183;GIANT FISH;15;GRAMME;10284;
10183;GIANT FISH;2;GRAMME;10260;
10184;GIANT CHICKEN;19;GRAMME;10114;
10174;[HOMER BURGER;17;GRAMME;11166;
10174;[HOMER BURGER;15;GRAMME;10797;
10175;BEEF HOLIDAY ;19;GRAMME;11177;
10175;BEEF HOLIDAY ;10;GRAMME;10797;
10182;GIANT MITRAILLETTE;10;GRAMME;10284;
10182;GIANT MITRAILLETTE;20;GRAMME;11441;
10171;[BEEF PEPPERONI;4;GRAMME;10260;
10171;[BEEF PEPPERONI;10;GRAMME;10797;
10171;[BEEF PEPPERONI;20;GRAMME;11132;
10172;[BEEF PRIMAVERA;10;GRAMME;11135;
10172;[BEEF PRIMAVERA;10;GRAMME;10797;
10172;[BEEF PRIMAVERA;2;GRAMME;10260;
10169;SUPREME CHEESE 13;8;GRAMME;10798;
10169;SUPREME CHEESE 13;0,5;GRAMME;10805;
10170;[CHICKEN FORMAGGIO;4;GRAMME;10260;
10170;[CHICKEN FORMAGGIO;10;GRAMME;10797;
10170;[CHICKEN FORMAGGIO;10;GRAMME;11129;
10170;[CHICKEN FORMAGGIO;20;GRAMME;11131;
10167;[BEEF CURRY KETCHUP;10;GRAMME;11078;
10168;[SUPER ANDALOUSE;30;GRAMME;10779;
10168;[SUPER ANDALOUSE;15;GRAMME;10284;
10169;SUPREME CHEESE 13;20;GRAMME;11438;
10169;SUPREME CHEESE 13;10;GRAMME;10066;
10169;SUPREME CHEESE 13;15;GRAMME;10797;
10163;[EXTRA CHEESE;20;GRAMME;11074;
10164;JUNIOR GIANT ;2;GRAMME;10260;
10164;JUNIOR GIANT ;10;GRAMME;10284;
10164;JUNIOR GIANT ;10;GRAMME;11441;
10167;[BEEF CURRY KETCHUP;10;GRAMME;10797;
10167;[BEEF CURRY KETCHUP;10;GRAMME;10066;
10161;[INTENSE RACLETTE;4;GRAMME;10260;
10161;[INTENSE RACLETTE;10;GRAMME;10797;
10162;[EXTRA BACON;15;GRAMME;10284;
10162;[EXTRA BACON;20;GRAMME;11073;
10163;[EXTRA CHEESE;4;GRAMME;10260;
10163;[EXTRA CHEESE;15;GRAMME;10284;
10159;[CRISPY CHILI CHEESE;20;GRAMME;10944;
10159;[CRISPY CHILI CHEESE;41;GRAMME;10941;
10160;[CRISPY BACON;20;GRAMME;10945;
10160;[CRISPY BACON;41;GRAMME;10941;
10160;[CRISPY BACON;10;GRAMME;10798;
10161;[INTENSE RACLETTE;20;GRAMME;11020;
10149;[TRICOLORE;10;GRAMME;10066;
10153;XTRALONG GIANT ;30;GRAMME;11441;
10153;XTRALONG GIANT ;15;GRAMME;10284;
10153;XTRALONG GIANT ;4;GRAMME;10260;
10154;BEEF ANDALOUSE ;10;GRAMME;10284;
10154;BEEF ANDALOUSE ;10;GRAMME;10779;
10135;[HOT'N FRESH;0,5;GRAMME;10805;
10136;[SUMMER BEEF;20;GRAMME;10844;
10136;[SUMMER BEEF;10;GRAMME;10797;
10136;[SUMMER BEEF;8;GRAMME;10798;
10136;[SUMMER BEEF;0,5;GRAMME;10805;
10148;[BEEF SWEET CURRY;10;GRAMME;10899;
10134;SUPREME PEPPER 11;8;GRAMME;10798;
10134;SUPREME PEPPER 11;0,5;GRAMME;10805;
10135;[HOT'N FRESH;20;GRAMME;10845;
10135;[HOT'N FRESH;10;GRAMME;10797;
10135;[HOT'N FRESH;14;GRAMME;10826;
10135;[HOT'N FRESH;4;GRAMME;10798;
10133;[SUPREME CLASSIQ;10;GRAMME;10066;
10133;[SUPREME CLASSIQ;15;GRAMME;10797;
10133;[SUPREME CLASSIQ;8;GRAMME;10798;
10133;[SUPREME CLASSIQ;0,5;GRAMME;10805;
10134;SUPREME PEPPER 11;20;GRAMME;11437;
10134;SUPREME PEPPER 11;15;GRAMME;10797;
10131;SMALL NESTEA LEMON;3;GRAMME;10904;
10132;SUPREME CHCK BBQ BAC;10;GRAMME;10801;
10132;SUPREME CHCK BBQ BAC;10;GRAMME;10783;
10132;SUPREME CHCK BBQ BAC;15;GRAMME;10797;
10132;SUPREME CHCK BBQ BAC;8;GRAMME;10798;
10133;[SUPREME CLASSIQ;20;GRAMME;10792;
10124;[CRISPY ANDALOUSE;4;GRAMME;10260;
10124;[CRISPY ANDALOUSE;30;GRAMME;10730;
10124;[CRISPY ANDALOUSE;0,3;GRAMME;10762;
10124;[CRISPY ANDALOUSE;30;GRAMME;10779;
10129;MAXI NESTEA LEMON;3;GRAMME;10904;
10130;MEDIUM NESTEA LEMON;3;GRAMME;10904;
10112;[SUPREME EMMENTAL;20;GRAMME;10622;
10112;[SUPREME EMMENTAL;30;GRAMME;10621;
10121;[DARK BURGER;20;GRAMME;10725;
10121;[DARK BURGER;15;GRAMME;10284;
10122;[JEDI BURGER;20;GRAMME;10726;
10122;[JEDI BURGER;20;GRAMME;10679;
10103;BASE ANNIV CPL 8 ANS;90;GRAMME;10539;
10108;[SUPER SWISS;4;GRAMME;10260;
10108;[SUPER SWISS;10;GRAMME;10066;
10108;[SUPER SWISS;3;GRAMME;10246;
10109;[SUPER PEPPER;15;GRAMME;10259;
10109;[SUPER PEPPER;30;GRAMME;10589;
10095;CHICKEN FILET;10;GRAMME;10797;
10095;CHICKEN FILET;2;GRAMME;10260;
10098;SMALL COKE ZERO;3;GRAMME;10904;
10099;MEDIUM COKE ZERO;4,2;GRAMME;10904;
10100;MAXI COKE ZERO;6;GRAMME;10904;
10102;BASE ANNIV CPL 5 ANS;90;GRAMME;10539;
10087;BACON MAX;20;GRAMME;11434;
10089;[SWEET BREAK;0,008;GRAMME;10206;
10093;[SOFTY MAX PRALINE;10;GRAMME;10173;
10094;SOFTY CARAMEL;5;GRAMME;11346;
10094;SOFTY CARAMEL;15;GRAMME;11351;
10095;CHICKEN FILET;19;GRAMME;11435;
10075;COLD CLASSIQ CKN SAL;70;GRAMME;10357;
10078;[MIX MANIA CUBERDON;10;GRAMME;10377;
10078;[MIX MANIA CUBERDON;10;GRAMME;10532;
10086;GIANT MAX ;4;GRAMME;10260;
10086;GIANT MAX ;15;GRAMME;10284;
10086;GIANT MAX ;30;GRAMME;11441;
10074;[HOT CLASSIQ CKN SAL ;30;GRAMME;10369;
10074;[HOT CLASSIQ CKN SAL ;30;GRAMME;10348;
10075;COLD CLASSIQ CKN SAL;90;GRAMME;10291;
10075;COLD CLASSIQ CKN SAL;20;GRAMME;10118;
10075;COLD CLASSIQ CKN SAL;30;GRAMME;10369;
10075;COLD CLASSIQ CKN SAL;30;GRAMME;10348;
10073;[ATLANTIQ SALADE;20;GRAMME;10118;
10073;[ATLANTIQ SALADE;90;GRAMME;10291;
10073;[ATLANTIQ SALADE;40;GRAMME;10861;
10073;[ATLANTIQ SALADE;25;GRAMME;10349;
10074;[HOT CLASSIQ CKN SAL ;90;GRAMME;10291;
10074;[HOT CLASSIQ CKN SAL ;20;GRAMME;10118;
10072;[SIDE SALADE;30;GRAMME;10369;
10072;[SIDE SALADE;10;GRAMME;10118;
10072;[SIDE SALADE;60;GRAMME;10291;
10072;[SIDE SALADE;10;GRAMME;10348;
10073;[ATLANTIQ SALADE;30;GRAMME;10348;
10073;[ATLANTIQ SALADE;30;GRAMME;10369;
10067;[SUPREME CHICKEN;15;GRAMME;10259;
10067;[SUPREME CHICKEN;20;GRAMME;10244;
10071;[SALADE DE BASE;30;GRAMME;10348;
10071;[SALADE DE BASE;30;GRAMME;10369;
10071;[SALADE DE BASE;20;GRAMME;10118;
10071;[SALADE DE BASE;90;GRAMME;10291;
10059;[SUPREME PEPPER;15;GRAMME;10259;
10059;[SUPREME PEPPER;20;GRAMME;10214;
10060;MIX MANIA SMARTIES;20;GRAMME;10226;
10060;MIX MANIA SMARTIES;20;GRAMME;11349;
10064;MIX MANIA LION ;10;GRAMME;11558;
10064;MIX MANIA LION ;20;GRAMME;11351;
10046;MAXI FRITE;246;GRAMME;10539;
10050;SOFTY FRAISE-AARD;5;GRAMME;11346;
10050;SOFTY FRAISE-AARD;15;GRAMME;11350;
10051;SOFTY CHOCO;5;GRAMME;11346;
10051;SOFTY CHOCO;15;GRAMME;11349;
10059;[SUPREME PEPPER;4;GRAMME;10260;
10038;CAPUCCINO;6;GRAMME;10062;
10039;EXPRESSO;1,2;GRAMME;10206;
10043;KING FISH;10;GRAMME;10284;
10043;KING FISH;19;GRAMME;11436;
10044;SMALL FRITE;124;GRAMME;10539;
10045;MEDIUM FRITE;184;GRAMME;10539;
10032;SMALL SPRITE;3;GRAMME;10904;
10035;CAFE;2,4;GRAMME;10206;
10036;[CHOCOLAT CHAUD;4,2;GRAMME;10278;
10036;[CHOCOLAT CHAUD;26;GRAMME;10062;
10038;CAPUCCINO;8;GRAMME;10278;
10038;CAPUCCINO;1,9;GRAMME;10206;
10026;SMALL COKE LIGHT;3;GRAMME;10904;
10027;MAXI FANTA;6;GRAMME;10904;
10028;MEDIUM FANTA;4,2;GRAMME;10904;
10029;SMALL FANTA;3;GRAMME;10904;
10030;MAXI SPRITE;6;GRAMME;10904;
10031;MEDIUM SPRITE;4,2;GRAMME;10904;
10019;[SUPREME CHEESE;10;GRAMME;10066;
10021;MAXI COKE;6;GRAMME;10904;
10022;MEDIUM COKE;4,2;GRAMME;10904;
10023;SMALL COKE;3;GRAMME;10904;
10024;MAXI COKE LIGHT;6;GRAMME;10904;
10025;MEDIUM COKE LIGHT;4,2;GRAMME;10904;
10018;HAMBURGER;2;GRAMME;10260;
10018;HAMBURGER;1,5;GRAMME;10246;
10018;HAMBURGER;10;GRAMME;10066;
10019;[SUPREME CHEESE;15;GRAMME;10259;
10019;[SUPREME CHEESE;4;GRAMME;10260;
10019;[SUPREME CHEESE;10;GRAMME;10150;
10013;CHICKEN DIPS/10;12,072;CENTILITRE;10972;
10015;CHICK. DIPS/4;4,024;CENTILITRE;10972;
10016;CHICKEN WINGS;7,3941;CENTILITRE;10972;
10021;MAXI COKE;8,0645;CENTILITRE;10225;
10022;MEDIUM COKE;5,6452;CENTILITRE;10225;
10023;SMALL COKE;4,0323;CENTILITRE;10225;
10288;PARTYBOX 20 FND DEL;21,13;CENTILITRE;10972;
10289;PARTY BOX WINGS DEL;20,48;CENTILITRE;10972;
10290;SMALL FRITE DEL;0,813;CENTILITRE;10972;
10291;MAXI FRITE DEL;1,447;CENTILITRE;10972;
10276;MIX MANIA SNICKERS;13,5;CENTILITRE;10261;
10277;MIX MANIA M&M;13,5;CENTILITRE;10261;
10279;TEST SUPREME CHICKEN;2,5;CENTILITRE;10972;
10281;TEST CHICKEN FILET;1,5;CENTILITRE;10972;
10286;CHICKEN TOMATO ONION;2,5;CENTILITRE;10972;
10287;PARTYBOX 20 DIPS DEL;19,11;CENTILITRE;10972;
10262;CHEESY PHILADEL/6;3,2594;CENTILITRE;10972;
10263;CRUMBLE FRAISE;6,7;CENTILITRE;10261;
10265;FN DIPS3;3,1689;CENTILITRE;10972;
10266;FN DIPS7;7,3941;CENTILITRE;10972;
10270;CHEESY TRIO WINT/20;10,06;CENTILITRE;10972;
10271;CHEESY TRIO WINTER/6;3,018;CENTILITRE;10972;
10253;SHK MED PEACH;1,725;CENTILITRE;11671;
10253;SHK MED PEACH;14,89;CENTILITRE;11316;
10255;CHE PECAN CHKN HOT;1,5;CENTILITRE;10972;
10258;PASTA BC CHKN HOT;1,5;CENTILITRE;10972;
10259;PARTY BOX;19,466;CENTILITRE;10972;
10261;CHEESY PHILADEL/20 ;10,8648;CENTILITRE;10972;
10246;CHEESY TRIO 6 PCS;3,018;CENTILITRE;10972;
10247;CRUMBLE DEL'ICE;6,7;CENTILITRE;10261;
10249;WRAP BAC/ONION;1,76;CENTILITRE;10972;
10251;WRAP VEGGIE;2,51;CENTILITRE;10972;
10252;SHK MAXI PEACH;3,45;CENTILITRE;11671;
10252;SHK MAXI PEACH;29,78;CENTILITRE;11316;
10236;LATTE VANILLE LZ;20;CENTILITRE;11488;
10240;QNC BEEF;0,3;CENTILITRE;10972;
10241;QNC CHICKEN;2,6;CENTILITRE;10972;
10243;BROWNIE DEL'ICE;6,5;CENTILITRE;10261;
10244;CH.SAMOURAI MAX;2,4;CENTILITRE;10972;
10245;CHEESY TRIO 20 PCS;10,06;CENTILITRE;10972;
10230;CAPPUCCINO LZ;15;CENTILITRE;11488;
10232;LATTE CARAMEL LZ;20;CENTILITRE;11488;
10232;LATTE CARAMEL LZ;2,2;CENTILITRE;11775;
10233;LATTE LZ;20;CENTILITRE;11488;
10235;MOCCHA LZ;6,5;CENTILITRE;11488;
10236;LATTE VANILLE LZ;2,2;CENTILITRE;11774;
10223;[LATTE VANILLE SBC;2,247;CENTILITRE;11485;
10223;[LATTE VANILLE SBC;23,6;CENTILITRE;11488;
10224;[LATTE HENRY SBC;23,6;CENTILITRE;11488;
10226;[MOCCHA SBC;4,436;CENTILITRE;11486;
10226;[MOCCHA SBC;23,6;CENTILITRE;11488;
10229;CHOCOLAT LZ;5,3;CENTILITRE;11488;
10216;CHURROS /10;1,4;CENTILITRE;10972;
10218;[CHOCOLAT SBC;5,916;CENTILITRE;11486;
10218;[CHOCOLAT SBC;23,6;CENTILITRE;11488;
10219;[CAPPUCCINO SBC;23,6;CENTILITRE;11488;
10222;[LATTE CARAMEL SBC;2,247;CENTILITRE;11484;
10222;[LATTE CARAMEL SBC;23,6;CENTILITRE;11488;
10201;SHK MED CARAMEL;14,89;CENTILITRE;11316;
10203;HOT CHICKEN;1,9;CENTILITRE;10972;
10204;MIX MANIA TWIX;13,5;CENTILITRE;10261;
10205;MIX MANIA SPECULOOS;13,5;CENTILITRE;10261;
10207;GIANT MAX CHICKEN;2,3;CENTILITRE;10972;
10214;PEPPER CRAZY;2,4;CENTILITRE;10972;
10198;SHK MAXI BANANE;4,6;CENTILITRE;11448;
10199;SHK MAXI CARAMEL;29,78;CENTILITRE;11316;
10199;SHK MAXI CARAMEL;4,6;CENTILITRE;11447;
10200;SHK MED BANANE;14,89;CENTILITRE;11316;
10200;SHK MED BANANE;2,3;CENTILITRE;11448;
10201;SHK MED CARAMEL;2,3;CENTILITRE;11447;
10190;SHK MED TIRAMISU;15,268;CENTILITRE;11316;
10190;SHK MED TIRAMISU;1,725;CENTILITRE;11205;
10193;MERRY SAMOURAÏ;2,4;CENTILITRE;10972;
10195;CRISPY CHEESY/6;3,018;CENTILITRE;10972;
10196;CRISPY CHEESY/20;10,06;CENTILITRE;10972;
10198;SHK MAXI BANANE;29,78;CENTILITRE;11316;
10183;GIANT FISH;3,42;CENTILITRE;10972;
10184;GIANT CHICKEN;1,5;CENTILITRE;10972;
10186;CRISPY BACON BEEF;0,287;CENTILITRE;10972;
10187;CRISPY BACON CHICKEN;2,187;CENTILITRE;10972;
10189;SHK MAXI TIRAMISU;30,536;CENTILITRE;11316;
10189;SHK MAXI TIRAMISU;3,45;CENTILITRE;11205;
10177;CHEESY DONUTS X8;8,8528;CENTILITRE;10972;
10178;[SHK MED MOQUITO;17,9;CENTILITRE;10273;
10178;[SHK MED MOQUITO;2,25;CENTILITRE;11170;
10179;[SHK MAXI MOQUITO;29,8;CENTILITRE;10273;
10179;[SHK MAXI MOQUITO;5,14;CENTILITRE;11170;
10182;GIANT MITRAILLETTE;0,266;CENTILITRE;10972;
10159;[CRISPY CHILI CHEESE;0,287;CENTILITRE;10309;
10160;[CRISPY BACON;0,287;CENTILITRE;10309;
10165;[CHEESY LVQR/20;9,557;CENTILITRE;10309;
10166;[CHEESY LVQR/6;2,867;CENTILITRE;10309;
10170;[CHICKEN FORMAGGIO;1,9;CENTILITRE;10309;
10176;CHEESY DONUTS X3;3,3198;CENTILITRE;10972;
10155;CHEESY LEERDAM/10;10,06;CENTILITRE;10972;
10156;CHEESY LEERDAM/3 ;3,018;CENTILITRE;10972;
10157;[SHK MAXI CHATAIGNE;29,8;CENTILITRE;10273;
10157;[SHK MAXI CHATAIGNE;5,14;CENTILITRE;10949;
10158;[SHK MED CHATAIGNE;17,9;CENTILITRE;10273;
10158;[SHK MED CHATAIGNE;2,25;CENTILITRE;10949;
10139;[SHK MAXI WATERMELON;5,14;CENTILITRE;10846;
10140;[SHK MED WATERMELON;2,25;CENTILITRE;10846;
10140;[SHK MED WATERMELON;17,9;CENTILITRE;10273;
10141;SOFTY CUP;10;CENTILITRE;10261;
10142;MIX MANIA;15;CENTILITRE;10261;
10150;CAESAR  SALAD;1,5;CENTILITRE;10972;
10130;MEDIUM NESTEA LEMON;6,629;CENTILITRE;10791;
10131;SMALL NESTEA LEMON;4,629;CENTILITRE;10791;
10132;SUPREME CHCK BBQ BAC;2,3;CENTILITRE;10972;
10137;[CHEESY SALSA/3;3,018;CENTILITRE;10309;
10138;[CHEESY SALSA/8;8,048;CENTILITRE;10309;
10139;[SHK MAXI WATERMELON;29,8;CENTILITRE;10273;
10119;[CHEESY STAR/10;9,054;CENTILITRE;10309;
10120;[CHEESY STAR/3;2,7162;CENTILITRE;10309;
10124;[CRISPY ANDALOUSE;0,21;CENTILITRE;10309;
10125;[CHEESY BOUR POIV/20;10,06;CENTILITRE;10309;
10126;[CHEESY BOURS POIV/6;3,018;CENTILITRE;10309;
10129;MAXI NESTEA LEMON;9,259;CENTILITRE;10791;
10103;BASE ANNIV CPL 8 ANS;0,8661;CENTILITRE;10972;
10107;CHEESY BALLS/20;10,6;CENTILITRE;10972;
10110;[SHK MAXI PAIN EPICE;29,8;CENTILITRE;10273;
10110;[SHK MAXI PAIN EPICE;5,14;CENTILITRE;10590;
10111;[SHK MED PAIN EPICES;17,9;CENTILITRE;10273;
10111;[SHK MED PAIN EPICES;2,25;CENTILITRE;10590;
10094;SOFTY CARAMEL;10;CENTILITRE;10261;
10095;CHICKEN FILET;1,5;CENTILITRE;10972;
10098;SMALL COKE ZERO;2,84;CENTILITRE;10199;
10099;MEDIUM COKE ZERO;3,98;CENTILITRE;10199;
10100;MAXI COKE ZERO;5,68;CENTILITRE;10199;
10102;BASE ANNIV CPL 5 ANS;0,8661;CENTILITRE;10972;
10082;[CHEESY BOURSIN/6;2,7162;CENTILITRE;10309;
10083;[CHEESY BOURSIN/20;9,054;CENTILITRE;10309;
10089;[SWEET BREAK;0,126;CENTILITRE;10309;
10090;[FISH 'N DIPS 3;3,3198;CENTILITRE;10972;
10091;[FISH 'N DIPS 4;4,4264;CENTILITRE;10972;
10093;[SOFTY MAX PRALINE;15;CENTILITRE;10261;
10077;[SPICY WINGS;8,5509;CENTILITRE;10309;
10078;[MIX MANIA CUBERDON;15;CENTILITRE;10261;
10079;[SHK WAIKIKI MED;17,36;CENTILITRE;10273;
10079;[SHK WAIKIKI MED;2,25;CENTILITRE;10376;
10080;[SHK WAIKIKI MAXI;5,14;CENTILITRE;10376;
10080;[SHK WAIKIKI MAXI;28,08;CENTILITRE;10273;
10063;CHURROS /5;0,63;CENTILITRE;10972;
10064;MIX MANIA LION ;13,5;CENTILITRE;10261;
10066;CHEESY BALLS/6;3,02;CENTILITRE;10972;
10067;[SUPREME CHICKEN;2,24;CENTILITRE;10309;
10068;SNACK BALLx20;10,06;CENTILITRE;10309;
10074;[HOT CLASSIQ CKN SAL ;1,5;CENTILITRE;10309;
10055;[SHK MAXI CHOCO;28,08;CENTILITRE;10273;
10055;[SHK MAXI CHOCO;5,14;CENTILITRE;10752;
10056;SHK MAXI VANILLE  ;29,78;CENTILITRE;11316;
10056;SHK MAXI VANILLE  ;4,6;CENTILITRE;11318;
10057;CHICKEN DIPS/7;7,042;CENTILITRE;10972;
10060;MIX MANIA SMARTIES;13,5;CENTILITRE;10261;
10049;[SHK MED CHOC;17,36;CENTILITRE;10273;
10049;[SHK MED CHOC;2,25;CENTILITRE;10752;
10050;SOFTY FRAISE-AARD;10;CENTILITRE;10261;
10051;SOFTY CHOCO;10;CENTILITRE;10261;
10054;SHK MAXI FRA-AARD ;29,78;CENTILITRE;11316;
10054;SHK MAXI FRA-AARD ;4,6;CENTILITRE;11446;
10045;MEDIUM FRITE;1,2857;CENTILITRE;10972;
10046;MAXI FRITE;1,7214;CENTILITRE;10972;
10047;SHK MED FRA-AARD ;2,3;CENTILITRE;11446;
10047;SHK MED FRA-AARD ;14,89;CENTILITRE;11316;
10048;SHK MED VANILLE;2,3;CENTILITRE;11318;
10048;SHK MED VANILLE;14,89;CENTILITRE;11316;
10030;MAXI SPRITE;8,0645;CENTILITRE;10113;
10031;MEDIUM SPRITE;5,6452;CENTILITRE;10113;
10032;SMALL SPRITE;4,0323;CENTILITRE;10113;
10040;SOFTY ENFANT;7,5;CENTILITRE;10261;
10043;KING FISH;3,4204;CENTILITRE;10972;
10044;SMALL FRITE;0,8661;CENTILITRE;10972;
10024;MAXI COKE LIGHT;8,0645;CENTILITRE;10111;
10025;MEDIUM COKE LIGHT;5,6452;CENTILITRE;10111;
10026;SMALL COKE LIGHT;4,0323;CENTILITRE;10111;
10027;MAXI FANTA;9,6154;CENTILITRE;10112;
10028;MEDIUM FANTA;6,7308;CENTILITRE;10112;
10029;SMALL FANTA;4,8077;CENTILITRE;10112;
